Date,Max Temperature,Min Temperature,Rain,Wind Speed,Humidity,Pressure,PM2.5,PM10,CO,NO2,SO2,O3,AQI
2022-08-05,31.0,27.2,0.3,20.7,86,999.4,28.21,58.34,507.42,22.74,24.9,53.5,84.21
2022-08-06,29.3,27.1,0.8,24.2,86,997.8,27.47,51.72,431.96,22.15,19.22,44.17,85.67
2022-08-07,30.2,26.6,24.9,20.3,89,997.0,57.63,89.12,944.12,39.31,42.93,148.08,148.04
2022-08-08,31.0,27.4,0.0,19.4,87,996.7,64.52,103.13,1150.5,46.81,55.09,122.88,177.25
2022-08-09,33.1,27.4,3.3,15.7,86,995.8,54.04,77.56,849.0,50.89,45.25,84.29,153.38
2022-08-10,32.5,26.9,26.0,15.8,89,994.2,108.39,156.37,1297.58,65.41,51.68,104.79,162.08
2022-08-11,35.1,27.5,28.8,29.3,86,993.1,83.29,122.85,1163.04,49.09,52.02,146.29,206.12
2022-08-12,30.3,25.8,82.7,40.5,86,993.7,31.22,49.29,605.75,34.53,33.01,82.21,141.0
2022-08-13,28.8,26.1,21.2,20.6,87,996.5,32.14,48.94,704.0,35.59,49.38,94.0,100.75
2022-08-14,30.8,25.3,43.0,25.9,84,996.5,24.97,39.91,475.92,20.36,27.87,99.5,105.5
2022-08-15,29.8,26.0,32.0,21.6,87,998.4,25.37,38.45,678.12,47.4,53.94,58.88,81.88
2022-08-16,29.4,26.3,11.1,14.1,87,999.8,28.07,43.65,644.25,39.55,38.49,70.71,80.46
2022-08-17,29.3,27.2,19.1,27.1,88,998.6,19.05,28.79,435.04,21.54,18.81,81.38,81.75
2022-08-18,28.7,27.2,9.6,35.6,87,998.3,22.23,42.03,271.5,13.68,11.49,47.88,70.46
2022-08-19,28.1,27.1,0.8,34.5,87,999.6,22.1,46.51,234.12,12.42,11.16,35.21,76.46
2022-08-20,29.0,26.8,1.8,26.5,87,1000.7,22.73,49.39,275.96,13.2,13.71,44.12,74.88
2022-08-21,29.2,26.9,2.4,28.6,87,1000.5,24.1,53.57,314.0,14.89,16.24,48.54,76.96
2022-08-22,29.7,26.6,0.5,22.5,85,1000.0,24.12,55.34,307.12,14.0,14.37,53.29,77.67
2022-08-23,28.5,26.3,3.2,23.5,86,999.8,23.85,53.0,358.08,16.67,16.56,47.67,78.79
2022-08-24,28.0,26.6,12.8,30.3,84,1000.6,25.38,56.2,296.0,15.31,12.84,42.92,79.33
2022-08-25,29.4,26.8,0.0,31.3,81,1001.2,26.99,58.25,254.5,12.0,11.06,51.17,82.67
2022-08-26,29.1,26.2,0.1,24.5,81,1003.4,27.38,60.5,278.58,13.62,13.24,54.33,84.62
2022-08-27,28.5,26.0,0.4,25.8,81,1004.5,23.95,50.5,283.04,13.13,12.87,52.83,81.46
2022-08-28,28.7,26.4,0.7,28.9,79,1003.8,20.54,41.18,251.75,10.98,10.65,56.38,75.5
2022-08-29,29.1,26.2,0.1,22.0,79,1005.7,21.97,43.76,308.96,14.69,13.35,54.5,71.54
2022-08-30,29.5,25.6,0.0,19.9,82,1007.5,23.48,47.27,391.5,19.36,17.55,54.92,77.29
2022-08-31,29.1,25.6,0.0,18.8,85,1006.5,20.55,40.6,359.29,17.0,16.69,58.62,74.88
2022-09-01,29.0,26.5,0.5,26.4,84,1005.4,16.24,30.87,290.62,13.07,12.7,52.42,67.21
2022-09-02,29.4,26.3,0.2,19.7,83,1006.5,19.22,37.59,362.25,16.38,16.35,60.38,66.12
2022-09-03,29.3,26.4,0.5,27.2,82,1005.8,19.08,35.13,298.21,11.75,12.37,51.88,67.62
2022-09-04,29.4,26.5,0.2,38.2,80,1003.5,28.6,51.93,274.04,10.05,9.95,49.92,77.75
2022-09-05,29.2,26.5,0.5,32.7,78,1003.5,21.43,41.66,258.29,10.92,11.37,56.04,82.17
2022-09-06,29.4,26.0,0.0,20.2,79,1005.1,23.64,44.05,354.71,16.44,17.52,64.21,75.33
2022-09-07,29.1,25.0,0.0,22.5,85,1006.8,23.83,43.09,480.62,23.63,23.4,61.21,77.33
2022-09-08,30.7,25.5,0.0,21.5,84,1007.2,36.37,60.65,766.88,34.75,33.14,94.79,110.71
2022-09-09,35.3,25.9,0.0,22.8,77,1005.0,52.88,83.34,798.38,31.33,29.97,122.17,141.33
2022-09-10,35.6,27.3,0.0,19.7,72,1003.3,84.86,126.83,1069.46,39.0,36.59,165.29,192.96
2022-09-11,33.2,27.4,0.0,23.5,78,1001.6,41.46,64.48,754.0,28.22,30.85,114.0,177.88
2022-09-12,32.9,26.9,0.1,17.4,83,1000.6,64.36,98.1,973.88,38.21,36.96,143.62,162.83
2022-09-13,34.4,27.6,0.0,20.7,78,1001.5,43.88,69.36,893.25,40.5,38.29,101.12,168.46
2022-09-14,34.9,27.1,0.0,28.8,77,1002.6,23.62,41.07,527.96,23.04,22.25,59.33,99.58
2022-09-15,31.1,26.8,0.0,31.2,82,1003.2,19.68,36.31,293.33,11.53,11.79,57.79,73.54
2022-09-16,30.3,27.0,0.3,33.3,78,1001.2,24.53,47.07,240.92,8.91,8.62,65.46,75.29
2022-09-17,30.2,27.0,0.3,26.1,76,1001.5,28.01,57.27,269.42,11.92,10.69,69.17,82.0
2022-09-18,30.0,26.2,0.0,22.4,79,1005.7,29.79,60.96,346.79,17.09,15.03,66.58,89.0
2022-09-19,30.1,25.7,0.0,23.0,79,1006.8,25.43,52.18,352.0,16.56,14.61,64.5,85.71
2022-09-20,30.3,26.0,0.0,24.2,73,1006.1,19.24,39.48,252.5,11.38,10.05,63.67,74.92
2022-09-21,30.4,26.4,0.0,25.0,72,1006.2,17.75,37.19,242.62,11.46,9.52,63.12,67.67
2022-09-22,30.5,26.3,0.0,28.0,73,1005.8,17.59,36.21,236.29,10.85,9.31,61.46,66.17
2022-09-23,30.4,26.4,0.0,32.7,74,1005.2,17.67,37.24,199.12,8.3,7.69,63.0,66.0
2022-09-24,30.3,26.6,0.3,33.9,73,1003.8,19.97,38.86,214.17,9.28,8.28,64.92,67.96
2022-09-25,30.1,26.7,0.4,28.1,76,1003.9,21.93,41.98,242.62,11.6,10.16,63.92,72.12
2022-09-26,29.5,25.9,1.0,20.8,79,1007.8,22.62,42.17,324.83,15.6,14.59,63.67,76.08
2022-09-27,29.9,25.5,0.1,20.8,78,1007.5,19.96,37.98,349.25,16.8,15.43,62.08,73.96
2022-09-28,29.8,25.8,0.0,25.4,73,1006.6,16.3,31.91,278.88,13.64,11.9,61.75,66.62
2022-09-29,30.1,25.8,0.0,25.3,72,1006.8,15.9,30.46,245.54,11.13,10.77,67.46,63.92
2022-09-30,29.8,25.4,0.0,24.2,75,1007.4,15.03,26.6,290.54,13.39,13.79,68.12,61.83
2022-10-01,30.1,25.9,0.0,29.3,73,1006.7,12.79,22.38,219.12,9.76,10.94,56.88,59.67
2022-10-02,30.2,26.4,0.1,24.6,72,1006.3,12.5,21.95,240.96,12.1,12.18,53.67,56.21
2022-10-03,29.8,25.8,0.3,21.1,73,1007.8,13.87,27.24,263.5,14.03,12.14,60.33,57.79
2022-10-04,30.2,25.9,0.0,21.6,76,1009.1,14.03,28.72,256.21,12.7,11.25,59.96,59.21
2022-10-05,30.7,25.3,0.0,22.6,80,1008.3,16.27,37.04,292.12,13.43,12.3,61.21,61.12
2022-10-06,30.8,25.5,0.0,21.5,79,1006.5,20.04,45.53,360.42,16.72,15.7,67.12,67.17
2022-10-07,34.2,24.7,0.0,29.0,75,1006.0,37.3,66.18,617.71,27.27,28.47,97.75,95.75
2022-10-08,38.3,25.3,0.0,22.9,49,1006.3,49.02,75.21,543.21,25.84,26.43,130.42,138.83
2022-10-09,33.8,25.3,0.0,25.2,56,1007.3,90.69,135.09,907.58,30.28,35.82,205.25,189.71
2022-10-10,34.5,24.6,0.0,19.7,65,1008.8,59.01,96.43,1030.92,44.46,45.32,125.46,187.83
2022-10-11,33.6,22.3,0.0,17.1,67,1008.1,49.08,82.6,1067.54,49.21,51.16,107.04,157.29
2022-10-12,31.4,21.7,0.0,17.3,80,1009.0,36.57,60.71,895.08,40.32,38.14,102.29,141.62
2022-10-13,31.1,22.0,0.0,17.9,80,1010.8,24.23,41.85,674.92,32.48,27.97,85.58,95.25
2022-10-14,33.8,22.0,0.0,18.4,71,1011.1,30.83,50.94,760.83,37.27,36.27,91.04,95.83
2022-10-15,34.2,22.1,0.0,20.9,77,1010.5,34.05,54.72,767.54,36.57,36.47,106.33,118.58
2022-10-16,34.1,23.0,0.0,19.9,67,1011.3,49.01,76.37,893.04,37.32,37.17,136.75,144.88
2022-10-17,34.9,21.9,0.0,22.0,58,1012.1,44.6,69.48,761.33,35.58,33.24,120.33,157.42
2022-10-18,30.8,24.3,0.0,20.8,79,1010.5,25.55,45.88,556.08,27.01,26.1,84.0,106.88
2022-10-19,29.9,23.9,0.0,17.8,83,1009.9,22.0,42.79,434.62,22.98,20.24,82.46,77.54
2022-10-20,29.9,23.2,0.0,18.1,83,1010.4,19.88,40.1,393.33,19.7,18.61,92.33,76.58
2022-10-21,31.8,23.2,0.0,17.6,73,1013.7,71.88,111.64,854.71,35.18,44.71,134.58,124.75
2022-10-22,34.8,23.5,0.0,24.7,45,1015.3,80.12,121.51,837.58,36.22,32.9,126.54,174.04
2022-10-23,33.2,22.3,0.0,19.6,53,1014.3,106.11,157.08,1616.67,70.93,57.1,173.54,206.08
2022-10-24,32.1,23.5,0.0,21.8,71,1011.4,27.45,45.88,540.0,23.93,23.52,97.33,156.96
2022-10-25,30.7,25.6,0.0,31.4,77,1009.8,22.87,43.96,294.5,12.7,10.85,98.5,75.58
2022-10-26,30.6,25.7,0.0,21.4,82,1011.1,28.73,53.12,395.67,18.25,15.73,100.29,83.12
2022-10-27,29.0,23.6,0.0,18.6,85,1012.1,28.56,52.57,472.46,23.36,20.68,92.38,87.58
2022-10-28,29.6,23.4,0.0,15.1,80,1012.8,30.65,55.61,523.71,27.03,23.77,84.08,89.96
2022-10-29,32.6,22.6,0.0,16.2,70,1013.1,32.77,56.4,772.04,38.86,31.09,83.58,95.92
2022-10-30,33.0,23.0,0.0,17.9,69,1013.5,33.21,58.31,814.5,42.04,31.37,80.96,96.29
2022-10-31,31.5,22.3,0.0,20.7,80,1012.9,27.5,52.93,593.0,30.31,22.95,71.58,94.25
2022-11-01,30.4,23.5,0.0,20.3,85,1013.3,23.51,45.21,386.67,18.64,13.74,86.62,79.71
2022-11-02,30.4,23.4,0.0,18.7,85,1013.1,28.11,48.26,496.62,22.99,18.49,97.58,85.38
2022-11-03,30.6,23.3,0.0,21.4,83,1012.0,29.14,47.39,573.17,27.13,20.98,96.54,91.0
2022-11-04,30.9,23.6,0.0,22.7,78,1012.4,26.03,42.68,559.17,27.25,21.66,88.71,85.58
2022-11-05,33.4,23.1,0.0,21.3,67,1013.4,35.02,56.28,576.71,27.19,22.21,101.04,91.96
2022-11-06,31.3,22.9,0.0,21.4,76,1013.8,39.45,61.71,528.62,26.55,21.08,96.62,106.38
2022-11-07,29.1,23.1,0.7,21.0,79,1013.8,33.46,54.06,532.5,26.27,23.3,96.0,106.12
2022-11-08,28.0,21.6,0.0,15.1,74,1014.0,57.25,90.4,630.79,22.21,32.18,117.33,112.04
2022-11-09,29.6,21.2,0.0,17.9,70,1014.5,61.25,96.57,815.71,28.19,41.26,126.62,162.0
2022-11-10,29.3,21.7,0.0,18.4,77,1015.5,38.78,65.53,816.83,36.52,43.06,97.67,127.29
2022-11-11,30.8,22.2,0.0,19.8,65,1016.4,83.51,126.28,1351.42,64.95,62.11,85.92,142.25
2022-11-12,30.3,21.2,0.0,19.8,71,1015.8,78.39,120.85,1431.67,68.89,53.7,90.04,180.71
2022-11-13,28.1,21.1,0.0,16.3,87,1013.6,29.67,53.97,494.46,23.12,22.67,79.08,125.25
2022-11-14,29.7,24.5,0.0,19.0,78,1012.5,24.17,50.72,376.29,15.98,17.83,85.33,79.96
2022-11-15,30.3,22.3,0.0,23.5,58,1014.4,61.72,100.55,534.38,19.01,35.98,95.54,114.62
2022-11-16,28.7,21.1,0.0,15.5,55,1014.5,64.52,100.32,693.75,27.0,42.18,116.29,155.33
2022-11-17,30.1,21.4,0.0,20.3,74,1014.1,63.48,101.79,918.67,32.3,44.26,128.79,164.75
2022-11-18,28.2,21.7,0.0,18.0,82,1013.7,42.35,73.53,716.83,28.67,33.82,100.29,145.04
2022-11-19,29.1,23.1,0.0,19.7,77,1013.7,25.09,49.11,443.96,22.93,17.81,84.5,94.71
2022-11-20,29.1,21.8,0.0,18.5,73,1013.6,48.07,77.2,655.25,31.86,31.02,90.08,93.71
2022-11-21,31.1,21.3,0.0,21.0,56,1013.5,67.57,103.36,789.67,34.95,38.76,110.33,152.33
2022-11-22,28.6,22.3,0.0,17.7,74,1013.4,67.75,105.25,1076.38,53.66,57.29,100.88,165.04
2022-11-23,28.8,19.6,0.0,18.4,54,1014.0,68.65,102.99,869.46,37.99,50.28,108.46,158.12
2022-11-24,28.5,19.2,0.0,18.7,72,1013.2,60.25,90.73,980.12,46.84,50.86,107.21,161.33
2022-11-25,27.5,18.5,0.0,14.6,74,1013.9,33.88,61.93,809.29,39.7,35.11,98.58,124.21
2022-11-26,28.7,19.1,0.0,17.2,60,1013.1,56.63,85.77,1106.38,60.37,50.3,87.5,127.88
2022-11-27,26.7,19.4,0.0,12.1,80,1009.7,37.97,59.59,877.17,44.05,41.55,101.17,135.42
2022-11-28,28.6,19.3,0.0,15.3,65,1010.7,67.67,98.92,1221.46,72.72,52.84,56.71,142.12
2022-11-29,30.8,18.4,0.0,15.3,47,1013.2,57.8,84.33,728.33,41.38,32.88,77.29,154.0
2022-11-30,30.4,18.1,0.0,17.5,36,1014.5,66.87,97.56,723.83,40.16,35.07,90.67,154.33
2022-12-01,29.1,16.9,0.0,20.5,39,1013.7,72.13,105.72,788.29,41.27,40.95,93.62,159.67
2022-12-02,26.6,17.0,0.0,17.2,62,1011.9,58.2,88.5,1009.5,53.94,46.57,69.5,163.33
2022-12-03,26.4,18.7,0.0,15.5,71,1012.4,46.4,75.1,741.08,46.38,46.36,67.21,112.25
2022-12-04,28.7,17.7,0.0,21.9,50,1014.4,86.59,127.48,774.58,36.68,43.2,90.33,158.58
2022-12-05,27.9,17.5,0.0,17.1,56,1015.7,82.29,125.79,1061.38,53.74,64.38,83.29,170.88
2022-12-06,27.4,17.8,0.0,18.3,57,1015.9,101.12,150.17,1321.46,56.69,68.08,102.79,175.79
2022-12-07,28.6,16.0,0.0,15.3,52,1015.2,87.85,129.02,1306.58,59.35,57.44,94.25,176.92
2022-12-08,28.0,16.9,0.0,17.2,70,1014.1,66.33,102.73,1403.83,69.98,52.02,71.5,173.17
2022-12-09,27.0,18.5,0.0,15.9,86,1012.2,45.42,74.52,1021.75,49.35,44.43,88.08,129.58
2022-12-10,28.2,18.5,0.0,16.8,57,1012.5,71.41,106.55,868.83,43.6,42.19,75.46,149.54
2022-12-11,29.4,19.0,0.0,26.6,43,1013.9,60.53,91.44,578.42,17.4,30.96,111.5,158.08
2022-12-12,28.7,18.9,0.0,23.7,42,1014.0,54.64,85.38,765.92,34.97,30.7,95.75,145.62
2022-12-13,29.0,18.0,0.0,28.6,42,1015.2,35.58,54.15,537.29,23.5,20.64,67.5,145.0
2022-12-14,29.0,19.2,0.0,27.5,34,1015.6,0.65,0.92,59.92,0.0,0.55,30.38,49.46
2022-12-15,27.4,15.3,0.0,17.0,49,1014.1,0.81,1.17,62.92,0.0,0.32,34.0,15.5
2022-12-16,26.6,15.4,0.0,13.1,69,1012.4,47.66,71.24,969.46,47.15,41.74,79.08,73.12
2022-12-17,27.0,15.4,0.0,14.4,74,1013.3,52.82,79.6,1176.38,60.67,58.88,67.12,139.21
2022-12-18,26.5,16.3,0.0,13.9,59,1014.0,77.22,113.27,1500.5,78.11,70.08,66.67,156.54
2022-12-19,26.0,15.7,0.0,13.0,57,1012.9,71.14,108.07,1267.33,71.67,69.99,67.83,162.75
2022-12-20,27.3,16.7,0.0,18.4,47,1012.4,47.23,75.21,1149.58,57.96,52.25,68.71,152.96
2022-12-21,26.4,15.2,0.0,20.3,46,1013.6,53.93,84.46,754.12,47.24,40.53,64.21,135.96
2022-12-22,25.9,14.9,0.0,20.3,39,1014.0,37.67,59.37,587.38,32.07,33.59,72.46,124.46
2022-12-23,25.1,13.2,0.0,16.4,44,1013.2,57.37,91.01,985.46,55.98,55.3,52.75,138.83
2022-12-24,25.0,13.8,0.0,19.3,37,1014.8,44.01,68.21,762.29,48.68,48.38,63.21,122.5
2022-12-25,24.3,13.3,0.0,17.3,43,1015.6,58.1,86.35,716.42,35.12,40.82,92.75,135.21
2022-12-26,25.5,14.5,0.0,13.5,43,1016.6,76.85,113.7,993.29,51.81,54.15,75.38,160.0
2022-12-27,25.9,15.6,0.0,17.9,39,1018.0,67.92,101.11,763.42,31.2,45.15,88.0,162.0
2022-12-28,24.1,15.2,0.0,14.8,61,1017.4,92.5,143.22,1454.71,56.7,72.75,106.71,168.5
2022-12-29,26.5,21.2,0.0,27.4,72,1016.7,44.18,74.41,810.5,32.51,35.2,98.79,162.96
2022-12-30,25.2,15.5,0.0,24.5,45,1019.7,34.4,61.48,516.58,24.18,35.75,74.88,97.33
2022-12-31,24.2,14.4,0.0,20.5,48,1020.9,48.19,76.2,659.33,26.89,39.76,99.46,114.12
2023-01-01,25.1,14.6,0.0,16.4,65,1018.3,38.46,69.54,782.71,36.38,33.41,84.92,129.58
2023-01-02,25.6,14.5,0.0,15.0,52,1018.0,59.99,98.88,905.71,47.27,49.38,71.71,119.42
2023-01-03,25.4,14.7,0.0,19.5,36,1020.4,51.51,77.68,542.71,25.3,27.18,80.12,154.29
2023-01-04,24.1,14.5,0.0,26.3,33,1021.0,40.72,60.79,466.62,18.04,25.86,94.54,117.21
2023-01-05,22.8,12.8,0.0,29.3,32,1021.0,43.61,63.77,487.62,14.45,28.49,103.04,119.96
2023-01-06,24.3,13.7,0.0,25.5,28,1020.5,46.22,67.63,515.08,14.49,31.43,108.25,121.75
2023-01-07,26.0,15.1,0.0,22.1,29,1019.3,50.18,73.1,682.17,24.12,39.64,101.62,132.08
2023-01-08,24.6,14.2,0.0,17.2,39,1018.0,87.1,125.83,1645.79,71.02,82.84,104.62,145.79
2023-01-09,23.9,14.1,0.0,14.8,70,1018.7,87.2,128.42,1781.08,81.35,80.42,93.38,180.21
2023-01-10,23.7,15.8,0.0,15.3,73,1018.3,110.39,162.8,2022.96,88.12,84.13,79.42,180.42
2023-01-11,25.4,18.1,0.2,30.2,77,1014.4,30.45,54.75,667.08,29.07,25.65,76.79,158.54
2023-01-12,22.0,14.8,0.0,29.9,29,1013.3,24.6,77.04,348.04,17.11,18.67,68.5,80.29
2023-01-13,22.3,9.8,0.0,30.6,18,1015.2,33.56,62.78,615.67,30.29,28.53,81.54,82.29
2023-01-14,21.0,9.5,0.0,18.1,29,1018.1,27.59,46.45,589.83,32.76,23.48,68.83,99.12
2023-01-15,19.4,8.9,0.0,14.5,44,1016.6,42.53,67.02,765.38,32.84,38.63,85.96,93.83
2023-01-16,21.6,10.9,0.0,16.3,55,1014.9,60.38,96.44,738.29,35.28,60.4,76.83,135.75
2023-01-17,22.0,12.0,0.0,16.2,37,1016.3,79.12,117.58,1056.25,47.28,59.93,93.12,158.17
2023-01-18,23.6,11.4,0.0,13.2,40,1016.1,101.02,147.66,1448.25,78.42,57.2,63.42,174.83
2023-01-19,24.8,13.0,0.0,27.3,35,1015.7,66.9,99.23,839.88,42.23,31.02,77.25,177.58
2023-01-20,22.5,13.0,0.0,26.3,47,1016.4,54.83,83.51,676.21,22.59,30.83,109.08,145.58
2023-01-21,22.0,12.9,0.0,20.7,50,1017.4,48.17,72.62,678.62,25.6,36.16,96.42,147.88
2023-01-22,21.5,11.4,0.0,21.6,48,1016.8,50.04,75.95,862.17,37.97,45.27,84.46,132.58
2023-01-23,21.8,12.0,0.0,18.5,32,1017.1,34.68,53.5,722.46,33.25,32.11,71.12,118.04
2023-01-24,20.2,10.4,0.0,16.4,41,1016.4,50.55,78.99,869.5,41.47,40.21,82.83,118.54
2023-01-25,19.9,9.3,0.0,18.0,43,1017.0,41.33,69.38,718.08,37.68,39.64,80.71,113.33
2023-01-26,22.6,11.0,0.0,24.7,29,1018.9,31.71,49.29,483.71,24.67,31.08,82.62,114.29
2023-01-27,23.3,12.4,0.0,30.9,26,1018.2,34.93,51.98,452.71,17.69,25.28,104.54,92.17
2023-01-28,24.1,12.9,0.0,23.0,24,1014.4,44.3,65.16,626.12,32.6,27.62,96.25,104.75
2023-01-29,22.7,11.7,0.0,21.5,43,1011.2,38.56,57.93,743.58,40.81,33.76,75.25,133.21
2023-01-30,23.1,11.9,0.0,18.1,49,1015.5,58.93,91.62,1110.17,49.85,49.34,91.67,102.04
2023-01-31,25.3,14.8,0.0,25.8,36,1019.0,53.97,81.4,655.33,28.75,29.45,89.75,157.67
2023-02-01,25.5,14.6,0.0,26.2,40,1018.3,51.4,75.92,823.5,33.06,35.69,107.33,145.96
2023-02-02,24.3,13.0,0.0,17.8,47,1016.5,98.34,142.33,1881.17,74.81,77.63,138.79,157.0
2023-02-03,25.2,11.4,0.0,17.5,53,1015.8,87.46,126.53,1975.04,97.5,73.48,83.83,182.62
2023-02-04,23.3,14.4,0.0,16.2,82,1013.9,68.09,103.47,1397.38,57.5,48.83,115.12,175.5
2023-02-05,24.9,18.1,0.0,25.6,83,1012.0,35.77,63.27,715.75,29.35,24.58,79.46,141.12
2023-02-06,30.0,18.7,0.0,22.6,70,1012.0,53.49,98.5,819.33,33.77,28.46,124.67,126.33
2023-02-07,25.2,14.5,0.0,14.8,74,1012.9,115.69,179.62,1715.92,72.4,54.37,149.83,199.92
2023-02-08,26.5,17.0,0.0,18.4,83,1012.9,44.57,76.83,826.88,37.42,31.07,87.12,166.25
2023-02-09,25.1,18.6,0.0,24.2,85,1011.6,32.64,57.36,510.71,20.77,20.76,83.88,111.96
2023-02-10,25.7,20.8,0.0,27.7,81,1011.5,24.71,46.82,357.92,13.2,14.63,91.62,87.62
2023-02-11,28.2,16.6,0.0,22.9,67,1014.9,68.01,108.48,915.25,37.67,33.45,107.46,109.25
2023-02-12,29.4,16.7,0.0,19.5,37,1018.0,43.01,73.98,730.96,43.57,28.18,62.79,154.12
2023-02-13,26.3,17.2,0.0,20.5,32,1018.1,56.23,87.04,900.46,37.26,37.89,127.75,131.83
2023-02-14,26.9,18.8,0.0,21.3,79,1015.2,44.41,76.16,884.29,34.86,32.27,119.46,160.08
2023-02-15,25.3,18.3,0.0,16.5,90,1013.8,60.95,99.47,1277.33,52.88,47.85,111.54,155.92
2023-02-16,28.4,18.7,0.0,21.1,83,1013.8,42.17,68.41,929.54,43.42,33.52,79.38,142.21
2023-02-17,29.6,17.3,0.0,19.2,81,1014.1,56.1,85.45,1069.54,46.02,36.08,107.25,143.38
2023-02-18,26.9,15.7,0.0,15.0,77,1013.8,82.46,120.65,1370.38,52.68,42.95,142.17,186.12
2023-02-19,25.2,17.9,0.0,18.6,87,1012.4,44.61,72.48,993.83,42.42,36.75,94.67,163.67
2023-02-20,28.8,19.0,0.0,23.2,79,1010.7,30.79,57.55,628.04,26.57,23.45,92.25,106.12
2023-02-21,26.7,19.0,0.0,18.5,85,1011.5,48.05,79.89,829.04,33.83,28.79,116.88,121.29
2023-02-22,25.8,20.5,0.0,26.3,82,1011.7,22.3,41.57,389.0,16.45,13.66,98.54,110.38
2023-02-23,25.7,19.1,0.0,21.7,81,1012.2,28.45,51.56,542.96,25.84,21.2,96.67,77.92
2023-02-24,26.2,18.1,0.0,21.5,85,1013.8,32.88,69.86,623.04,26.66,23.7,97.08,96.71
2023-02-25,27.5,19.6,0.0,23.9,79,1015.2,27.84,56.53,575.71,28.44,20.95,61.54,91.17
2023-02-26,28.9,19.7,0.0,20.2,82,1016.3,30.22,49.24,630.12,30.38,24.28,68.21,86.12
2023-02-27,29.3,18.0,0.0,18.5,84,1015.9,42.5,69.38,896.96,38.49,32.71,95.71,118.79
2023-02-28,28.3,19.4,0.0,21.3,83,1015.1,39.65,66.07,799.88,37.36,28.93,81.67,119.0
2023-03-01,28.2,19.1,0.0,22.7,79,1015.9,74.15,116.0,937.25,36.55,27.78,100.08,129.5
2023-03-02,32.5,21.8,0.0,22.6,48,1016.8,63.07,96.0,681.38,23.68,27.8,126.38,165.5
2023-03-03,31.6,20.6,0.0,18.6,51,1017.4,73.6,110.44,699.62,28.33,32.7,130.21,171.38
2023-03-04,31.6,20.3,0.0,25.0,50,1017.1,60.51,90.4,750.46,25.92,29.69,141.29,176.38
2023-03-05,31.0,19.8,0.0,23.2,50,1016.7,79.86,115.98,1175.58,38.32,36.22,157.38,190.38
2023-03-06,30.3,20.1,0.0,22.0,56,1014.4,79.99,118.52,1318.25,41.5,43.26,171.04,203.29
2023-03-07,30.2,19.8,0.0,23.1,71,1013.1,66.09,103.46,1305.46,49.84,49.62,137.92,186.42
2023-03-08,29.6,19.8,0.0,24.0,73,1014.1,103.23,153.08,1606.96,53.31,60.47,191.75,193.12
2023-03-09,31.9,20.0,0.0,22.9,60,1014.6,119.77,175.02,1663.17,55.79,44.05,200.62,215.08
2023-03-10,31.2,20.2,0.0,21.1,55,1014.2,87.06,126.19,1358.25,55.71,44.69,179.83,219.33
2023-03-11,30.6,19.6,0.0,17.9,63,1013.5,68.76,100.39,1373.5,63.04,51.12,99.58,164.08
2023-03-12,31.3,21.4,0.0,19.1,63,1012.6,57.56,84.31,1294.21,61.59,50.88,76.71,156.42
2023-03-13,30.3,20.0,0.0,20.6,72,1012.4,48.27,73.72,1136.08,46.53,47.4,113.67,158.29
2023-03-14,28.4,20.2,0.0,21.6,81,1010.6,31.44,49.76,830.75,40.49,36.5,63.25,114.88
2023-03-15,28.5,22.6,0.0,19.9,80,1008.1,25.13,45.5,448.75,18.61,19.12,73.96,89.12
2023-03-16,29.3,22.2,0.0,28.8,80,1008.0,23.38,42.55,505.88,21.69,20.22,74.42,79.33
2023-03-17,28.7,23.2,0.0,19.4,80,1009.2,26.29,44.78,623.54,27.92,25.97,83.54,83.04
2023-03-18,29.7,20.7,0.0,21.3,66,1009.3,54.37,84.56,912.96,38.21,43.38,128.71,135.79
2023-03-19,29.1,21.0,0.0,24.3,69,1008.2,44.86,73.64,752.21,30.66,40.99,123.33,161.46
2023-03-20,27.1,21.7,0.0,15.3,77,1007.0,25.86,51.31,523.54,22.6,26.21,84.54,104.0
2023-03-21,28.1,21.4,0.0,20.7,71,1007.3,18.66,39.99,363.0,15.3,14.86,67.12,73.67
2023-03-22,25.6,21.2,0.4,24.7,78,1008.4,18.66,34.44,358.33,14.83,14.35,67.17,68.0
2023-03-23,25.6,21.0,3.8,26.1,81,1007.8,18.53,40.09,319.04,13.84,11.97,59.12,68.75
2023-03-24,26.9,22.2,0.0,31.7,60,1007.7,18.38,49.1,265.33,10.51,7.98,114.29,73.0
2023-03-25,27.5,22.2,0.0,19.9,67,1010.1,20.92,47.02,320.33,12.4,9.98,112.88,74.92
2023-03-26,28.4,20.4,0.0,26.6,75,1011.9,30.21,57.45,597.83,24.8,21.71,111.58,96.12
2023-03-27,29.5,20.4,0.0,22.3,69,1011.1,31.66,56.34,650.46,29.43,25.62,100.46,101.83
2023-03-28,27.8,21.3,0.0,24.9,78,1009.4,25.52,48.98,381.79,14.06,15.96,94.79,90.08
2023-03-29,27.5,23.5,0.0,25.8,78,1008.8,21.43,50.92,308.92,10.5,12.52,80.62,75.79
2023-03-30,27.4,23.3,0.8,25.1,71,1007.7,23.05,56.53,316.04,10.91,13.47,112.0,80.54
2023-03-31,28.8,23.8,0.0,30.0,76,1007.1,23.34,48.62,288.29,8.96,9.94,112.46,80.71
2023-04-01,28.9,23.3,0.0,27.7,74,1008.5,19.4,37.97,168.04,3.46,5.15,96.33,74.92
2023-04-02,28.3,23.0,0.0,29.6,77,1008.1,20.47,41.01,299.62,8.67,11.5,96.38,69.42
2023-04-03,28.9,24.1,0.3,26.5,78,1006.8,21.07,47.6,321.58,11.57,13.18,83.58,71.67
2023-04-04,27.7,22.6,0.0,22.3,74,1008.9,16.79,33.57,373.96,14.03,13.06,111.83,84.58
2023-04-05,29.7,21.6,0.0,23.0,69,1009.2,16.56,29.88,435.62,17.43,15.02,116.42,80.5
2023-04-06,29.2,22.1,0.0,26.4,76,1010.3,20.23,38.73,499.83,22.71,18.03,103.88,76.71
2023-04-07,29.8,21.4,0.0,24.0,78,1012.0,27.57,48.12,710.58,29.77,25.54,111.79,98.88
2023-04-08,30.8,21.9,0.0,28.3,76,1012.8,38.34,64.03,740.5,27.01,25.27,126.38,129.75
2023-04-09,29.7,22.3,0.0,29.5,78,1012.8,22.88,44.14,532.62,22.46,21.76,83.79,94.04
2023-04-10,28.3,22.2,0.0,20.0,82,1011.1,27.86,51.8,730.92,33.32,36.89,74.04,82.58
2023-04-11,29.1,21.5,0.0,21.8,82,1011.2,24.62,46.43,684.42,31.19,28.7,75.29,85.04
2023-04-12,32.0,23.4,0.0,27.7,76,1011.2,39.9,69.96,696.96,25.8,25.35,115.54,124.62
2023-04-13,33.2,24.6,0.0,27.1,70,1010.7,26.88,50.9,590.42,24.27,22.83,79.04,101.46
2023-04-14,30.6,24.5,0.0,25.1,82,1009.2,20.74,40.61,508.92,21.55,20.98,66.12,77.42
2023-04-15,30.3,23.9,0.0,25.0,82,1007.7,29.5,63.84,666.38,29.41,30.74,73.71,80.67
2023-04-16,30.5,24.6,0.0,27.7,81,1006.6,23.55,50.79,531.96,22.25,22.71,86.71,85.21
2023-04-17,30.3,24.4,0.0,23.7,77,1007.6,21.25,47.79,471.25,19.65,19.13,99.46,82.88
2023-04-18,34.4,24.4,0.0,36.7,67,1010.1,28.63,54.29,534.75,23.11,19.75,79.46,79.58
2023-04-19,32.0,24.8,0.0,27.9,63,1008.1,32.67,62.7,576.12,23.9,21.32,91.5,93.5
2023-04-20,33.8,24.8,0.0,26.5,71,1004.9,26.87,53.53,459.83,18.01,16.32,106.62,100.46
2023-04-21,31.4,24.8,0.0,29.8,77,1004.4,20.1,40.6,388.67,15.32,14.2,72.62,77.88
2023-04-22,31.3,25.0,0.0,28.5,76,1005.4,23.84,48.87,445.96,17.65,18.09,90.58,81.88
2023-04-23,33.0,24.9,0.0,28.2,74,1005.8,23.25,44.31,563.46,23.9,22.69,78.21,81.25
2023-04-24,32.5,24.4,0.0,22.6,78,1007.6,28.4,52.64,640.5,29.17,25.19,60.04,82.71
2023-04-25,33.6,25.1,0.0,36.0,70,1008.1,28.68,51.92,545.88,22.3,20.3,67.33,87.5
2023-04-26,31.0,26.2,0.0,28.9,55,1006.6,24.24,47.4,419.0,16.28,15.55,81.79,83.67
2023-04-27,30.0,25.3,0.3,23.7,72,1006.6,15.56,30.65,305.38,10.68,10.55,66.38,70.42
2023-04-28,28.7,23.5,3.4,19.5,76,1007.5,15.58,31.19,323.88,12.05,12.16,70.58,63.08
2023-04-29,28.4,22.7,0.8,19.0,76,1006.9,15.78,29.65,384.04,13.68,18.1,88.33,71.71
2023-04-30,29.0,22.7,0.2,19.0,69,1005.5,17.39,34.0,391.12,15.35,19.45,88.0,72.29
2023-05-01,30.7,24.3,0.9,22.8,71,1004.6,20.22,35.1,398.67,15.36,16.6,91.33,75.75
2023-05-02,31.0,24.9,0.1,27.2,74,1005.8,19.2,35.0,430.0,16.7,17.82,79.08,72.12
2023-05-03,30.5,25.3,0.0,22.3,78,1007.8,15.19,29.19,421.0,17.11,17.78,71.08,64.54
2023-05-04,31.0,24.5,0.0,25.7,80,1007.3,20.16,41.76,481.21,20.82,23.38,68.79,66.42
2023-05-05,31.7,25.0,0.0,25.4,80,1006.8,20.06,45.5,442.25,18.55,19.55,71.92,71.04
2023-05-06,33.6,25.3,0.0,26.8,76,1006.7,20.54,40.87,422.08,17.93,17.91,73.96,71.42
2023-05-07,32.2,25.9,0.0,28.3,80,1006.1,21.03,48.39,352.25,14.17,15.06,65.67,73.04
2023-05-08,33.0,25.9,0.0,29.1,79,1005.1,21.6,43.32,439.21,19.0,19.35,70.46,72.38
2023-05-09,32.0,24.6,0.0,26.6,79,1006.3,29.7,56.97,609.83,27.0,29.17,67.5,83.21
2023-05-10,34.6,25.4,0.0,26.0,71,1006.9,27.4,48.54,647.42,28.56,26.82,84.21,94.62
2023-05-11,35.5,26.5,0.0,31.1,68,1006.6,25.61,47.93,488.0,19.65,20.34,87.25,90.46
2023-05-12,34.5,27.1,0.0,34.5,66,1005.8,18.22,30.1,445.88,17.6,20.84,68.58,74.58
2023-05-13,34.3,27.1,0.0,37.1,71,1005.1,17.95,30.74,514.62,21.42,24.04,60.83,67.12
2023-05-14,32.6,27.3,0.0,29.6,80,1003.8,15.04,29.28,300.5,10.1,14.39,59.88,65.21
2023-05-15,32.3,27.5,0.1,32.8,80,1003.0,16.36,34.65,263.29,10.02,13.17,57.33,61.71
2023-05-16,32.1,28.1,0.0,35.1,81,1005.3,17.65,33.53,243.58,9.3,10.84,50.5,64.62
2023-05-17,31.8,27.9,0.6,32.9,77,1006.3,16.79,34.5,205.88,7.46,8.75,53.33,67.33
2023-05-18,32.0,27.9,0.0,29.0,80,1008.6,15.33,35.63,270.08,11.06,11.48,55.67,62.54
2023-05-19,32.4,27.6,0.0,26.5,81,1008.2,16.88,42.34,308.67,12.75,13.62,53.29,62.83
2023-05-20,31.8,26.9,0.0,30.9,78,1006.8,15.13,35.62,237.71,8.9,9.83,51.38,63.42
2023-05-21,32.2,27.8,0.0,32.4,76,1006.7,16.57,38.05,223.12,7.78,8.9,52.17,62.88
2023-05-22,32.2,28.2,0.0,34.3,80,1006.7,15.92,37.29,234.79,8.51,9.51,54.21,64.29
2023-05-23,32.2,28.0,0.4,33.6,83,1006.4,15.8,32.28,294.33,12.47,12.96,47.79,61.71
2023-05-24,32.4,28.1,0.0,35.5,82,1005.1,17.85,34.27,308.5,12.05,13.41,53.46,65.38
2023-05-25,32.9,28.7,0.0,44.6,80,1003.6,18.31,34.96,271.0,9.26,11.02,50.38,66.54
2023-05-26,33.0,28.3,0.0,45.1,81,1003.5,17.5,33.67,256.96,9.26,10.45,45.83,67.96
2023-05-27,33.0,28.5,0.0,38.6,79,1003.4,17.75,33.87,283.42,11.06,12.52,45.67,65.38
2023-05-28,32.6,27.9,0.0,30.9,80,1003.8,14.5,28.46,290.67,11.35,13.37,44.58,64.67
2023-05-29,32.2,27.9,0.0,31.7,83,1005.6,13.26,25.95,294.83,11.76,14.52,42.42,59.75
2023-05-30,32.4,28.1,0.2,28.0,76,1007.1,13.36,27.42,252.29,10.04,11.27,43.75,57.17
2023-05-31,31.5,27.7,1.1,34.1,74,1006.7,13.04,23.07,216.42,8.36,9.65,41.54,58.12
2023-06-01,32.0,28.3,1.4,33.7,77,1004.4,14.41,27.1,205.75,7.23,8.04,45.25,57.62
2023-06-02,32.4,28.5,0.1,29.7,81,1004.6,15.9,31.62,278.04,10.7,12.04,54.79,63.62
2023-06-03,32.9,28.0,0.0,32.7,82,1003.9,15.45,33.28,303.96,12.43,13.65,58.04,61.38
2023-06-04,33.2,28.1,0.0,30.3,81,1004.2,19.8,47.32,334.67,13.38,15.12,67.75,65.83
2023-06-05,32.6,28.0,0.0,31.1,81,1003.9,16.89,39.5,295.25,12.37,13.53,58.04,68.42
2023-06-06,33.2,28.3,0.0,31.4,81,1002.0,17.97,37.25,347.54,15.36,16.0,61.42,64.96
2023-06-07,33.2,28.8,0.0,26.5,81,1001.2,20.18,42.48,361.08,15.8,18.12,60.04,69.25
2023-06-08,32.6,28.7,0.0,27.4,78,1003.0,16.05,34.91,245.08,9.15,11.54,58.12,67.79
2023-06-09,32.3,28.7,0.8,30.3,76,1001.5,18.62,42.1,219.25,7.99,9.29,52.42,64.21
2023-06-10,32.0,28.3,0.2,23.4,76,999.8,16.7,37.32,243.0,9.58,11.33,54.75,69.42
2023-06-11,32.7,27.4,0.0,19.4,76,999.0,21.86,35.12,515.62,25.17,26.07,61.71,65.04
2023-06-12,36.7,28.3,0.0,30.9,65,997.0,61.2,93.07,790.38,27.42,34.46,147.42,150.67
2023-06-13,35.4,29.7,5.4,44.0,64,996.2,14.31,33.2,216.88,12.07,18.54,61.29,119.29
2023-06-14,35.0,28.6,0.5,40.1,64,996.0,19.71,46.72,177.67,8.83,14.19,63.75,65.29
2023-06-15,34.6,28.0,0.3,45.5,68,993.8,17.62,38.27,171.5,8.42,11.99,55.46,71.12
2023-06-16,34.7,28.6,1.3,34.9,71,995.6,21.17,40.48,296.88,14.56,13.48,66.29,63.67
2023-06-17,32.4,29.1,0.0,32.1,81,999.4,24.99,63.03,254.58,10.3,11.65,61.04,79.38
2023-06-18,32.4,29.0,0.0,30.1,74,1001.3,27.98,71.51,220.08,8.03,8.6,59.88,83.54
2023-06-19,32.1,28.3,0.0,29.9,75,1000.9,26.42,71.18,206.92,7.12,8.14,62.42,85.62
2023-06-20,32.8,28.9,0.0,31.4,69,1000.0,24.23,67.48,205.38,7.1,8.21,66.25,79.96
2023-06-21,32.7,29.3,1.0,30.3,74,1000.2,23.32,65.55,224.83,8.42,9.5,61.21,78.42
2023-06-22,32.2,28.8,2.2,29.5,77,1000.8,20.68,54.5,224.12,8.54,9.97,57.62,74.33
2023-06-23,32.5,28.5,0.4,29.0,76,1000.5,21.21,56.82,210.71,7.98,9.47,55.79,72.62
2023-06-24,32.0,28.6,1.0,27.3,78,999.2,20.89,51.25,221.25,8.56,10.11,53.38,72.75
2023-06-25,32.1,28.7,0.5,27.2,79,998.5,19.94,47.66,252.29,9.5,11.63,58.54,70.67
2023-06-26,32.9,28.5,0.8,28.3,77,999.2,21.71,50.48,267.79,9.43,13.42,63.04,72.58
2023-06-27,32.8,28.9,0.8,22.2,76,999.8,24.12,63.81,246.25,8.89,11.78,64.12,75.58
2023-06-28,33.3,28.9,0.0,25.7,76,1000.8,21.14,58.11,159.92,6.67,4.37,54.88,77.54
2023-06-29,34.1,28.7,0.3,29.4,73,1000.5,15.1,38.89,148.62,6.19,3.79,51.67,67.58
2023-06-30,33.0,29.1,1.0,34.7,73,999.2,17.71,45.69,147.83,5.84,3.5,49.96,61.92
2023-07-01,33.7,28.9,1.1,28.0,74,999.4,24.8,72.81,150.88,6.49,4.02,50.5,73.38
2023-07-02,32.9,28.9,0.4,22.0,76,1000.6,25.6,94.5,165.25,7.88,5.29,58.46,81.67
2023-07-03,33.5,28.7,0.4,24.6,78,1000.1,25.02,114.38,156.0,8.15,5.54,55.88,79.92
2023-07-04,33.2,28.5,0.1,28.0,74,998.1,25.9,107.65,156.25,6.64,4.91,57.21,82.42
2023-07-05,33.1,29.1,0.6,25.6,72,995.7,27.4,101.91,147.71,5.98,4.32,64.54,83.42
2023-07-06,33.6,28.9,0.1,21.3,74,997.8,34.54,142.74,181.0,8.85,6.31,68.92,88.62
2023-07-07,35.5,29.1,0.0,25.1,73,999.0,31.64,137.54,190.83,10.2,6.24,62.42,96.58
2023-07-08,34.9,29.4,4.0,22.4,73,999.4,38.95,201.79,193.75,11.01,5.72,61.92,103.12
2023-07-09,33.9,28.8,0.1,26.1,74,1000.2,36.58,209.98,175.88,9.32,5.5,63.33,127.25
2023-07-10,33.7,28.7,0.0,27.9,67,1001.2,29.27,142.6,144.12,6.7,4.48,58.21,117.88
2023-07-11,34.1,29.5,0.0,26.9,64,1002.1,29.65,113.33,148.62,6.39,4.19,58.88,88.04
2023-07-12,33.5,29.1,0.0,29.4,65,1000.9,28.07,116.83,140.04,5.89,3.87,56.62,88.08
2023-07-13,33.5,29.2,0.1,29.8,67,1000.1,25.87,121.06,134.25,5.79,3.85,57.25,83.88
2023-07-14,34.0,29.0,0.2,29.8,67,1001.2,28.77,109.41,131.08,5.59,3.91,54.75,84.54
2023-07-15,33.4,28.5,0.0,34.3,69,1001.3,27.76,89.38,127.29,5.61,3.64,51.46,85.46
2023-07-16,32.9,29.0,0.0,29.7,68,1000.5,34.52,108.43,141.0,6.08,3.72,54.21,92.54
2023-07-17,33.5,29.0,0.2,26.9,71,999.9,29.43,97.99,152.0,6.83,4.39,56.0,94.25
2023-07-18,33.1,28.5,0.6,30.7,74,999.1,24.34,79.39,149.33,6.77,4.41,53.96,84.71
2023-07-19,32.5,28.1,0.1,29.6,74,997.4,22.33,75.69,142.83,7.27,4.57,54.08,75.0
2023-07-20,33.4,28.5,0.0,27.8,72,998.1,28.18,110.35,182.5,10.6,6.9,55.42,80.83
2023-07-21,32.7,28.5,4.7,26.4,76,999.8,21.0,77.79,178.21,9.55,6.15,52.17,80.42
2023-07-22,33.4,28.7,0.2,20.2,77,1001.0,22.87,85.2,187.0,10.07,6.09,59.38,72.88
2023-07-23,35.7,27.4,27.5,24.4,82,999.7,18.95,41.11,279.42,14.6,9.05,75.92,73.54
2023-07-24,29.9,26.8,16.4,23.9,89,997.9,15.12,24.0,309.5,15.89,10.12,81.54,66.04
2023-07-25,30.3,26.7,7.0,17.1,85,1000.0,24.07,57.37,287.33,21.41,9.09,51.88,66.54
2023-07-26,30.6,27.3,0.6,21.0,83,1002.0,22.51,49.21,261.42,17.43,9.59,61.96,78.83
2023-07-27,30.8,27.3,0.9,29.3,83,1002.6,20.12,53.09,184.5,10.59,4.56,51.75,75.08
2023-07-28,30.6,27.5,0.2,33.4,82,1001.4,19.7,55.93,163.83,8.15,3.79,46.5,69.67
2023-07-29,30.5,27.3,0.9,34.3,81,1000.3,20.41,75.27,148.96,8.63,3.71,42.33,69.0
2023-07-30,30.6,27.3,0.8,30.9,83,1000.0,23.1,85.98,163.79,9.8,4.06,41.5,75.33
2023-07-31,30.7,27.3,1.3,31.9,85,999.7,21.4,77.63,163.88,9.49,4.15,39.71,74.42
2023-08-01,30.5,27.2,1.1,33.0,85,999.4,20.72,72.02,160.83,8.77,3.99,42.71,73.71
2023-08-02,30.6,27.3,1.4,35.0,83,999.4,21.21,68.73,157.08,7.54,3.72,48.79,72.29
2023-08-03,30.5,27.1,0.8,28.7,82,998.8,23.95,91.37,156.79,7.53,4.06,51.21,74.33
2023-08-04,30.5,26.9,0.9,26.5,83,1000.2,26.75,109.07,159.62,8.53,4.5,50.96,82.88
2023-08-05,30.5,26.7,0.9,29.7,82,1002.7,23.23,108.26,151.21,7.2,4.24,55.08,79.46
2023-08-06,30.0,26.7,0.7,37.4,80,1001.7,23.48,100.29,142.0,5.85,3.37,50.04,78.83
2023-08-07,30.0,26.7,1.7,39.3,80,999.1,26.54,101.76,145.5,5.8,3.07,48.79,78.88
2023-08-08,29.9,26.7,2.2,34.8,82,999.5,21.92,66.89,139.17,6.27,3.37,48.12,78.79
2023-08-09,30.1,26.6,0.8,35.8,82,1002.7,20.06,58.83,145.46,6.5,3.57,46.58,73.42
2023-08-10,30.0,26.4,1.6,36.8,82,1003.7,18.72,54.12,146.33,7.17,3.67,46.08,68.79
2023-08-11,29.8,26.2,1.3,33.6,82,1004.1,19.46,55.42,138.88,7.21,3.69,45.71,69.92
2023-08-12,29.5,26.1,0.8,38.8,81,1003.6,18.53,50.42,136.21,6.23,3.32,44.83,68.83
2023-08-13,29.6,26.2,0.6,37.1,81,1000.4,18.94,56.24,135.38,6.19,3.27,46.58,68.33
2023-08-14,30.4,26.1,0.0,30.9,84,1000.4,17.64,54.3,136.71,7.29,3.89,49.04,67.12
2023-08-15,29.6,26.0,0.5,24.8,84,1002.5,16.23,58.36,136.38,8.12,4.76,46.29,65.79
2023-08-16,29.7,25.8,0.0,28.7,81,1004.8,13.9,49.75,151.88,7.3,4.36,44.83,60.83
2023-08-17,29.7,25.5,0.2,37.9,77,1005.2,13.76,34.03,140.58,5.88,3.21,39.79,59.04
2023-08-18,30.3,25.2,0.0,35.8,76,1004.1,16.26,43.91,138.54,5.75,3.11,42.75,61.04
2023-08-19,30.0,25.2,0.1,29.9,79,1003.8,15.69,59.08,132.25,6.35,3.51,49.21,62.62
2023-08-20,30.5,24.9,0.0,27.1,79,1004.1,15.33,63.87,125.92,7.32,4.0,47.0,62.83
2023-08-21,30.1,25.5,0.0,32.1,80,1003.8,14.48,53.24,127.79,6.47,3.68,44.71,61.0
2023-08-22,29.7,25.4,0.6,33.6,80,1003.0,14.62,40.81,128.08,6.37,3.51,41.71,60.0
2023-08-23,28.8,25.4,1.9,35.1,81,1001.0,15.87,40.0,142.08,7.02,3.3,38.5,61.96
2023-08-24,28.9,25.5,2.0,33.9,85,999.0,16.65,42.46,145.5,7.63,3.52,39.96,63.08
2023-08-25,28.8,25.5,2.1,30.7,84,999.4,17.98,48.27,133.29,8.36,3.95,43.29,67.04
2023-08-26,28.9,25.2,2.4,30.1,85,1001.7,16.38,46.26,127.54,7.82,4.04,40.88,64.75
2023-08-27,29.2,25.5,1.0,30.4,83,1003.5,15.59,39.98,133.83,7.93,4.04,39.83,63.54
2023-08-28,29.3,25.3,1.1,33.9,83,1002.5,18.82,51.02,138.67,6.92,3.55,44.79,64.5
2023-08-29,29.4,25.5,0.7,29.6,84,1003.3,16.45,42.47,148.38,7.95,4.08,43.21,68.04
2023-08-30,29.7,25.3,0.5,21.7,82,1006.0,15.72,54.52,148.71,8.7,4.89,46.92,63.29
2023-08-31,30.0,25.2,0.2,22.9,81,1006.6,16.93,72.08,140.46,8.9,5.17,45.62,62.58
2023-09-01,29.4,24.4,0.0,18.4,81,1006.9,17.98,78.89,163.33,11.12,5.88,45.92,66.58
2023-09-02,30.3,24.8,0.0,24.0,76,1006.5,18.43,77.61,149.96,8.77,4.95,49.46,67.12
2023-09-03,30.0,25.3,0.9,27.1,76,1005.0,19.41,61.9,147.71,7.49,4.22,46.79,68.79
2023-09-04,30.3,25.6,0.1,29.2,76,1003.8,21.73,62.98,153.08,7.85,3.91,45.54,71.46
2023-09-05,30.0,25.7,0.5,24.2,78,1003.9,20.55,60.75,165.0,9.44,4.78,46.5,73.12
2023-09-06,31.3,25.3,0.0,22.0,80,1004.9,23.48,76.98,183.88,11.87,5.97,51.75,75.54
2023-09-07,32.0,25.7,0.0,25.9,80,1004.7,20.19,66.26,153.96,9.38,4.59,50.5,73.25
2023-09-08,31.6,25.9,0.0,30.8,81,1004.2,21.32,64.86,157.42,8.2,4.08,50.12,73.0
2023-09-09,31.2,26.1,0.0,30.6,79,1003.3,16.11,49.36,154.92,7.73,3.91,46.96,68.58
2023-09-10,31.2,25.9,0.0,32.4,80,1002.1,14.17,32.78,152.17,7.34,3.77,48.42,60.46
2023-09-11,31.1,26.2,0.0,35.7,78,1002.6,16.07,37.2,130.08,6.79,3.61,49.83,61.96
2023-09-12,30.9,26.2,0.0,31.8,76,1003.1,16.15,35.73,119.17,6.5,3.56,50.75,64.42
2023-09-13,30.8,26.0,0.4,28.7,78,1002.6,16.12,35.73,134.79,7.33,3.88,48.75,61.88
2023-09-14,30.3,25.7,0.1,22.3,81,1003.5,17.64,40.99,156.62,9.05,4.88,43.12,65.25
2023-09-15,30.7,25.5,0.0,21.4,81,1004.3,17.35,43.26,167.33,10.67,5.88,43.67,67.75
2023-09-16,31.2,26.3,0.3,22.6,79,1003.4,16.1,37.79,145.21,8.41,4.83,44.25,61.88
2023-09-17,32.2,26.7,0.0,29.1,79,1001.2,20.6,58.72,157.96,9.4,5.14,48.88,68.62
2023-09-18,33.1,26.5,0.0,32.0,80,1000.5,19.65,74.4,184.75,11.25,5.38,51.29,70.58
2023-09-19,34.9,26.7,0.0,27.2,77,1002.5,22.37,72.52,249.08,15.75,6.16,55.62,70.33
2023-09-20,34.1,26.8,12.0,24.0,81,1003.0,24.09,65.77,309.04,21.72,6.51,42.92,79.33
2023-09-21,34.0,26.9,3.5,21.0,80,1003.0,19.9,44.43,330.33,20.6,10.15,73.04,77.92
2023-09-22,30.9,26.0,0.0,19.4,85,1003.9,24.57,73.59,298.58,21.63,10.05,57.17,77.17
2023-09-23,31.9,26.9,0.0,22.5,83,1004.9,24.87,92.4,199.67,13.54,6.28,52.33,76.83
2023-09-24,31.1,26.8,0.0,24.9,77,1005.3,42.2,196.78,185.38,10.15,4.8,58.92,92.75
2023-09-25,31.1,25.5,0.0,20.7,75,1004.5,70.68,294.48,232.17,13.58,5.69,65.29,147.04
2023-09-26,30.8,22.5,0.0,19.4,76,1006.3,61.63,229.88,496.54,29.62,11.84,68.25,171.92
2023-09-27,34.1,24.6,0.0,24.5,74,1006.9,37.12,139.08,298.54,20.64,10.27,72.71,120.38
2023-09-28,36.4,25.5,0.0,21.4,70,1006.1,29.94,86.17,278.04,19.07,6.95,63.33,98.33
2023-09-29,35.1,25.0,0.0,20.4,78,1005.6,29.25,104.3,252.83,15.31,6.13,68.29,88.17
2023-09-30,39.5,24.4,0.0,26.7,58,1005.8,40.12,155.32,373.62,24.17,8.76,74.71,98.79
2023-10-01,36.9,23.2,0.0,22.4,44,1005.5,41.45,131.0,441.29,24.7,13.98,96.83,125.5
2023-10-02,34.8,23.2,0.0,24.3,67,1006.3,25.02,79.11,336.71,22.28,7.72,74.5,93.08
2023-10-03,31.8,25.0,0.0,25.0,84,1007.8,19.55,56.55,238.0,16.39,6.4,57.67,73.75
2023-10-04,32.0,25.9,0.0,23.4,81,1008.5,21.97,60.17,220.04,14.25,6.0,62.0,71.79
2023-10-05,31.7,26.1,0.0,24.5,77,1008.0,23.82,66.71,205.42,10.2,5.46,73.29,75.25
2023-10-06,31.5,26.9,0.0,26.9,73,1006.9,26.86,73.56,194.96,8.45,4.43,70.04,81.38
2023-10-07,30.7,27.4,0.3,26.5,74,1007.5,25.03,67.6,194.83,9.14,4.16,65.38,83.33
2023-10-08,31.6,27.1,0.9,27.2,77,1009.1,28.96,110.63,187.08,9.45,4.26,61.75,81.96
2023-10-09,32.1,27.2,0.0,30.6,78,1010.0,26.4,99.9,172.58,8.05,3.82,62.75,86.58
2023-10-10,32.0,26.8,0.0,29.6,77,1009.7,21.95,83.3,185.88,9.38,4.13,59.71,78.46
2023-10-11,32.3,26.2,0.0,22.1,79,1010.7,17.59,55.44,225.25,13.15,5.88,56.21,70.83
2023-10-12,31.9,25.9,0.0,22.2,78,1011.3,18.84,58.86,221.29,12.79,6.04,55.58,66.58
2023-10-13,31.9,25.8,0.0,21.2,75,1012.1,19.81,61.63,219.88,13.0,5.91,56.21,70.29
2023-10-14,31.5,25.3,0.0,24.5,73,1011.5,20.95,58.86,196.54,11.53,4.87,55.17,70.92
2023-10-15,31.8,27.0,0.3,26.2,71,1009.7,29.35,102.73,181.62,10.04,4.08,54.0,78.04
2023-10-16,31.1,23.6,1.2,29.7,75,1009.7,25.62,71.16,181.21,9.63,3.85,58.25,88.88
2023-10-17,31.0,24.8,0.9,24.3,76,1011.3,21.38,60.79,213.67,12.18,4.69,60.12,75.25
2023-10-18,34.5,24.5,0.0,21.3,67,1014.3,33.59,68.08,511.83,32.62,12.52,65.54,82.33
2023-10-19,32.2,23.8,0.0,20.8,69,1013.7,43.59,89.59,661.38,40.05,12.13,76.71,115.29
2023-10-20,32.1,25.1,0.0,19.4,78,1013.2,27.92,60.5,331.62,18.93,7.36,66.58,100.75
2023-10-21,34.3,24.7,0.0,17.1,75,1013.4,28.95,65.25,429.33,28.09,10.41,61.58,84.46
2023-10-22,32.6,24.5,0.0,21.2,80,1013.9,27.88,73.13,397.75,27.01,7.52,50.0,87.5
2023-10-23,33.9,24.3,0.0,18.9,79,1013.2,30.42,65.45,445.42,28.85,10.16,62.75,87.71
2023-10-24,33.9,23.5,0.0,19.2,77,1012.2,31.77,64.94,412.42,26.41,9.75,61.88,93.21
2023-10-25,34.6,24.4,0.0,18.5,76,1013.7,29.04,61.23,437.71,25.7,7.65,57.67,90.88
2023-10-26,34.0,24.6,0.0,21.7,75,1013.7,28.3,58.56,407.21,25.28,7.45,57.62,86.62
2023-10-27,32.3,24.8,0.0,21.3,77,1011.6,30.85,59.33,324.04,19.55,5.97,63.79,87.79
2023-10-28,34.1,25.4,0.6,21.6,74,1011.5,29.78,63.75,339.04,21.97,8.97,69.12,91.12
2023-10-29,33.8,23.1,0.0,18.0,75,1012.3,28.27,58.82,439.54,30.61,11.46,70.5,91.54
2023-10-30,35.0,23.0,0.0,18.0,64,1012.4,23.33,44.62,393.75,24.68,9.17,81.46,87.33
2023-10-31,36.6,22.9,0.0,18.4,38,1012.5,26.11,47.15,460.75,30.71,12.48,82.71,80.17
2023-11-01,35.7,23.7,0.0,19.8,30,1013.2,32.72,57.13,565.21,35.33,13.4,84.0,88.5
2023-11-02,35.4,23.5,0.0,25.5,36,1012.8,40.74,71.03,609.12,30.41,15.35,101.54,117.54
2023-11-03,34.8,24.3,0.0,25.6,58,1010.9,36.45,67.07,427.17,23.35,7.1,86.33,106.75
2023-11-04,32.1,24.6,0.0,21.6,76,1010.4,38.43,68.4,415.62,23.35,6.79,76.83,101.75
2023-11-05,34.8,23.8,0.0,15.6,72,1012.1,33.06,60.2,500.25,28.53,8.12,74.67,104.25
2023-11-06,35.0,22.3,0.0,17.9,58,1012.7,37.91,71.38,505.38,23.9,12.43,91.29,95.71
2023-11-07,34.1,23.1,0.0,18.0,44,1012.8,49.98,86.45,780.08,41.92,16.61,76.17,118.17
2023-11-08,32.5,22.5,0.0,16.0,49,1012.6,61.16,104.61,885.29,44.7,18.9,65.04,152.83
2023-11-09,33.4,22.3,0.0,23.5,62,1012.7,56.4,98.09,616.04,26.75,13.0,101.38,151.92
2023-11-10,34.7,22.2,0.0,16.8,51,1013.8,29.04,62.96,495.33,29.78,10.03,68.92,121.17
2023-11-11,33.4,18.8,0.0,17.3,35,1016.7,22.15,34.95,451.29,24.27,13.21,72.0,78.42
2023-11-12,31.7,18.8,0.0,19.1,44,1016.9,26.86,41.11,579.54,30.55,22.5,81.12,81.83
2023-11-13,30.3,18.8,0.0,16.3,57,1015.7,34.1,54.05,772.92,43.8,20.55,73.67,97.25
2023-11-14,31.9,19.8,0.0,21.5,42,1015.5,27.18,41.99,570.58,32.09,16.86,66.17,93.0
2023-11-15,31.3,20.4,0.0,25.3,35,1015.8,36.4,53.74,451.29,15.21,13.86,102.75,84.12
2023-11-16,31.4,19.6,0.0,19.2,33,1015.9,49.02,72.93,529.96,18.0,17.15,103.21,122.33
2023-11-17,30.1,20.3,0.0,26.0,33,1015.9,40.78,60.6,499.04,18.29,14.24,96.62,127.62
2023-11-18,30.1,19.2,0.0,17.9,31,1014.6,75.43,114.8,733.58,29.18,17.75,94.25,132.79
2023-11-19,31.3,18.0,0.0,14.5,36,1014.8,97.74,150.24,738.33,25.02,17.93,96.5,175.5
2023-11-20,31.6,19.7,0.0,25.6,35,1015.4,87.15,131.47,663.75,14.97,15.22,120.88,180.08
2023-11-21,31.7,20.9,0.0,24.9,33,1015.2,74.01,110.37,645.71,14.71,18.09,119.96,166.67
2023-11-22,29.9,17.7,0.0,19.5,45,1013.9,63.8,96.88,685.79,24.22,18.52,105.67,158.92
2023-11-23,31.7,22.3,0.0,17.6,66,1010.7,46.94,89.45,698.5,31.05,20.68,107.46,150.29
2023-11-24,31.6,19.6,0.0,23.2,61,1012.0,46.2,83.17,699.21,26.22,19.6,85.58,124.0
2023-11-25,31.8,22.5,0.0,29.3,38,1012.8,55.91,84.08,588.21,11.87,16.79,112.17,142.71
2023-11-26,26.6,18.2,3.8,33.2,59,1013.8,55.86,85.81,449.75,15.07,11.55,99.71,151.88
2023-11-27,26.4,16.3,0.0,21.2,65,1013.9,52.93,80.11,596.25,19.84,16.0,86.54,133.33
2023-11-28,27.8,16.4,0.0,20.0,58,1014.4,59.4,88.37,677.42,19.54,19.23,101.54,149.79
2023-11-29,28.0,15.8,0.0,20.5,56,1014.6,55.04,81.62,676.71,22.38,19.5,94.71,153.75
2023-11-30,28.3,15.8,0.0,15.3,61,1014.9,53.12,81.8,933.04,41.71,20.95,73.21,140.92
2023-12-01,29.7,16.8,0.0,15.1,52,1015.7,37.02,54.45,708.42,34.56,16.77,72.08,131.88
2023-12-02,28.7,18.0,0.0,24.7,49,1015.7,40.53,60.69,492.33,13.44,13.7,87.38,102.71
2023-12-03,28.8,17.7,0.0,23.6,50,1016.2,39.06,58.12,537.29,14.72,16.31,90.33,117.62
2023-12-04,29.3,16.6,0.0,15.1,51,1015.7,38.88,59.02,534.67,17.94,18.32,86.5,104.75
2023-12-05,28.6,16.2,0.0,20.7,47,1015.0,29.67,45.84,515.62,19.48,15.89,82.08,98.46
2023-12-06,28.2,16.3,0.0,23.9,43,1015.3,25.49,38.39,469.96,16.69,13.37,85.0,85.75
2023-12-07,28.0,16.1,0.0,21.7,40,1015.5,27.99,41.1,492.88,17.79,14.56,90.17,81.0
2023-12-08,27.0,14.7,0.0,18.3,54,1014.8,28.27,42.18,600.21,27.49,20.3,86.58,92.29
2023-12-09,28.4,17.4,0.0,18.8,72,1015.0,22.23,54.2,520.21,34.7,12.83,63.83,80.12
2023-12-10,26.6,15.0,0.0,13.8,62,1014.5,39.93,70.75,777.58,40.22,32.02,79.79,96.67
2023-12-11,26.9,15.4,0.0,18.5,78,1013.4,22.85,46.42,516.75,33.11,11.51,57.71,94.17
2023-12-12,27.0,16.0,0.0,12.0,70,1011.9,31.73,62.62,638.12,43.09,23.72,68.04,83.38
2023-12-13,28.4,16.2,0.0,16.5,46,1014.0,34.66,59.39,528.12,21.31,22.91,82.46,99.46
2023-12-14,27.6,15.2,0.0,14.5,47,1015.1,35.03,63.13,643.33,28.79,22.45,80.54,97.71
2023-12-15,27.2,14.8,0.0,12.6,47,1015.7,32.97,55.88,601.88,33.38,25.33,84.71,96.33
2023-12-16,27.3,15.3,0.0,18.2,62,1016.2,39.55,64.6,727.54,40.7,18.38,73.04,108.38
2023-12-17,26.5,15.9,0.0,19.0,57,1016.8,40.39,74.42,625.25,29.47,21.26,81.96,107.54
2023-12-18,26.6,16.7,0.0,30.8,36,1019.0,29.73,49.42,467.5,12.42,16.54,92.54,97.75
2023-12-19,26.1,17.0,0.0,28.5,34,1019.2,34.54,54.4,541.0,15.01,20.26,101.17,100.67
2023-12-20,26.4,15.7,0.0,20.1,33,1018.3,27.89,43.03,499.0,18.05,19.4,95.83,90.38
2023-12-21,27.0,14.1,0.0,15.0,36,1016.3,23.15,34.16,530.54,24.58,21.4,88.33,82.67
2023-12-22,27.7,17.0,0.0,18.6,34,1015.0,23.88,34.75,607.79,29.57,19.1,83.33,79.42
2023-12-23,28.8,15.4,0.0,20.9,32,1016.3,22.28,32.63,444.04,17.95,16.09,84.62,71.96
2023-12-24,28.9,17.7,0.0,27.8,34,1018.5,45.86,66.54,658.04,11.16,22.06,122.46,99.25
2023-12-25,28.4,17.2,0.0,22.2,39,1018.2,45.4,67.19,730.96,29.37,24.17,105.04,121.21
2023-12-26,26.2,13.2,0.0,16.6,59,1017.2,52.55,78.6,929.17,32.38,22.53,101.96,149.83
2023-12-27,28.9,16.0,0.0,23.7,51,1018.1,37.32,56.57,739.96,26.89,21.32,94.88,115.46
2023-12-28,28.0,16.0,0.0,23.6,42,1016.7,46.79,71.42,592.46,17.33,22.77,115.5,124.75
2023-12-29,28.2,15.4,0.0,15.5,42,1015.7,28.89,43.66,510.96,20.4,17.08,98.71,108.12
2023-12-30,28.3,16.7,0.0,21.4,39,1016.0,30.07,45.74,488.12,15.39,13.56,103.17,84.04
2023-12-31,27.5,14.9,0.0,20.2,44,1016.2,40.69,62.95,570.33,15.88,19.14,108.88,103.88
2024-01-01,27.0,14.7,0.0,15.0,49,1016.7,38.56,57.59,679.04,17.28,22.16,111.71,114.58
2024-01-02,25.5,14.4,0.0,21.8,64,1015.8,40.39,60.1,898.75,34.67,26.15,107.25,107.67
2024-01-03,25.7,16.5,0.0,16.7,55,1014.9,40.73,64.11,677.54,28.08,21.95,96.58,122.5
2024-01-04,25.0,15.7,0.0,19.1,45,1015.9,38.77,61.87,495.83,16.5,15.97,106.29,104.58
2024-01-05,24.8,14.1,0.0,17.3,52,1016.1,53.94,90.04,642.0,21.82,19.75,100.96,131.04
2024-01-06,25.2,15.6,0.0,22.6,53,1017.3,47.54,76.74,633.21,14.2,18.46,106.88,140.96
2024-01-07,25.5,14.4,0.0,22.1,52,1017.6,43.48,66.77,692.12,12.95,20.59,111.21,126.88
2024-01-08,24.6,14.1,0.0,17.9,55,1017.5,44.36,67.23,914.12,28.92,22.26,104.38,116.88
2024-01-09,25.0,14.4,0.0,27.8,48,1019.0,37.12,58.91,622.96,13.8,16.68,103.38,115.17
2024-01-10,25.2,12.9,0.0,18.7,46,1018.6,37.12,56.47,656.5,18.86,19.7,101.83,106.92
2024-01-11,25.0,11.0,0.0,13.0,50,1017.5,33.21,50.49,842.88,36.54,22.67,74.88,93.5
2024-01-12,25.4,11.4,0.0,16.9,50,1016.0,37.01,55.14,866.38,54.25,27.95,59.42,104.08
2024-01-13,24.6,11.6,0.0,17.8,76,1015.4,34.01,53.77,840.04,49.01,13.92,52.62,113.33
2024-01-14,25.4,14.9,0.0,17.3,80,1016.2,29.63,60.12,662.88,41.17,14.54,71.71,79.88
2024-01-15,23.7,14.1,0.0,17.9,72,1015.7,54.85,99.8,819.88,35.49,18.89,80.83,133.21
2024-01-16,26.4,18.8,0.0,21.1,78,1011.5,25.31,67.37,438.42,28.73,7.27,66.42,103.79
2024-01-17,27.1,18.3,0.0,19.0,58,1011.7,46.77,88.85,687.29,31.68,20.24,80.17,96.17
2024-01-18,27.0,15.2,0.0,17.8,52,1015.1,61.12,96.7,871.42,26.12,25.97,111.96,148.92
2024-01-19,26.0,14.2,0.0,15.3,49,1015.7,54.07,86.82,1053.54,46.93,30.67,100.71,147.88
2024-01-20,24.4,16.2,0.5,15.9,78,1016.4,55.86,93.49,1182.25,49.95,22.88,89.0,156.04
2024-01-21,26.6,16.3,0.0,15.5,62,1016.6,50.72,86.92,1013.38,53.51,24.52,80.42,135.33
2024-01-22,24.5,15.7,0.0,18.3,66,1016.4,52.31,90.92,1023.21,48.75,20.53,79.71,151.88
2024-01-23,26.1,15.5,0.0,21.4,69,1016.6,42.88,80.89,659.17,34.48,16.95,79.79,110.54
2024-01-24,24.7,12.1,0.0,13.8,60,1016.9,54.45,98.59,828.96,35.0,27.28,88.71,138.54
2024-01-25,24.0,13.3,0.0,15.6,70,1017.1,59.6,105.92,1041.5,47.52,23.09,71.5,153.96
2024-01-26,26.0,14.0,0.0,19.1,60,1018.5,54.82,92.44,804.54,34.84,21.04,88.04,141.21
2024-01-27,26.0,15.5,0.0,20.2,50,1018.8,60.23,96.16,869.21,26.64,21.71,109.46,152.58
2024-01-28,24.3,12.9,0.0,19.6,66,1016.6,54.33,90.81,823.0,21.53,19.78,100.29,151.96
2024-01-29,27.5,18.1,0.4,20.6,75,1015.9,23.88,50.06,357.04,18.9,5.96,75.83,113.75
2024-01-30,25.4,18.8,0.8,17.1,81,1015.3,24.22,74.54,375.12,24.12,7.26,63.38,75.75
2024-01-31,26.4,20.1,0.3,21.6,80,1013.5,22.5,61.41,344.62,20.55,6.3,71.12,77.04
2024-02-01,29.8,16.0,0.0,17.7,63,1013.8,27.93,87.57,384.08,22.7,9.95,78.29,76.42
2024-02-02,26.6,20.2,0.0,12.6,73,1015.4,40.77,134.67,409.92,27.67,11.33,59.79,100.5
2024-02-03,26.0,18.0,3.2,29.1,76,1014.8,35.24,91.79,519.0,32.36,10.67,46.29,116.25
2024-02-04,26.5,19.6,1.2,25.2,80,1014.9,24.11,79.16,321.17,20.28,5.21,71.0,84.75
2024-02-05,25.1,17.6,0.0,17.1,77,1015.6,26.34,48.83,481.38,27.38,11.32,79.0,82.46
2024-02-06,25.5,17.4,0.1,18.1,73,1016.0,24.36,53.72,451.08,26.5,10.25,84.08,82.25
2024-02-07,27.0,18.9,0.0,23.3,60,1018.6,31.97,68.64,445.54,21.11,11.83,79.38,83.92
2024-02-08,26.0,16.9,0.0,24.6,44,1020.3,28.35,52.65,482.04,24.01,13.42,89.92,93.96
2024-02-09,26.3,12.5,0.0,20.6,55,1017.7,26.86,53.35,575.83,32.55,11.87,74.96,87.42
2024-02-10,27.4,16.6,0.0,22.2,66,1018.6,25.3,53.36,496.79,30.27,11.03,85.04,83.17
2024-02-11,28.2,15.3,0.0,14.6,41,1019.2,25.73,44.95,483.96,27.98,13.35,88.21,81.92
2024-02-12,27.1,16.8,0.0,23.0,39,1018.1,32.77,50.9,624.33,36.23,16.04,84.75,87.96
2024-02-13,26.6,16.7,0.0,14.2,46,1018.2,38.82,64.32,752.5,45.88,21.24,69.0,101.96
2024-02-14,27.7,15.2,0.0,21.5,50,1018.7,43.79,73.55,938.88,50.07,20.43,68.42,117.42
2024-02-15,28.2,14.9,0.0,21.6,54,1018.0,48.2,79.58,955.04,51.82,17.63,71.62,128.83
2024-02-16,30.4,14.8,0.0,22.8,40,1017.5,36.86,60.19,863.21,52.72,17.28,65.12,118.12
2024-02-17,29.5,14.5,0.0,19.2,46,1014.3,30.86,50.01,730.0,44.56,15.1,70.92,104.38
2024-02-18,26.8,19.6,0.0,30.1,74,1010.1,15.05,27.9,289.42,13.01,5.4,86.5,68.46
2024-02-19,28.4,22.6,0.0,33.9,76,1008.9,17.84,44.53,254.33,8.98,3.75,95.42,64.0
2024-02-20,26.6,20.7,0.0,25.2,75,1010.7,20.8,49.03,258.17,11.39,4.78,99.33,71.54
2024-02-21,27.2,20.2,0.0,27.4,70,1010.8,19.73,55.63,289.88,13.17,5.02,105.62,74.42
2024-02-22,29.3,17.9,0.0,25.5,40,1013.2,18.83,68.15,372.38,22.14,8.06,84.75,68.12
2024-02-23,28.3,13.7,0.0,23.0,37,1015.1,29.91,87.19,636.75,36.75,14.75,86.21,92.0
2024-02-24,29.9,15.5,0.0,23.6,54,1014.2,19.2,64.54,338.88,17.83,10.09,98.12,79.96
2024-02-25,29.3,15.8,0.0,23.7,40,1013.9,23.25,53.19,478.25,26.48,13.54,77.5,76.79
2024-02-26,29.5,19.0,0.0,34.4,29,1013.0,21.69,48.69,287.08,8.32,10.13,111.42,77.17
2024-02-27,27.7,16.5,0.0,39.3,47,1015.4,34.83,69.88,334.62,8.84,12.44,106.67,90.12
2024-02-28,29.2,17.2,0.0,27.4,41,1015.1,27.39,62.66,386.04,13.59,13.66,110.58,93.54
2024-02-29,30.3,17.7,0.0,15.9,42,1011.6,23.57,61.84,401.92,16.98,13.06,106.67,88.92
2024-03-01,25.0,19.0,7.4,22.5,72,1010.6,25.38,63.49,445.12,21.8,9.03,88.04,81.46
2024-03-02,20.1,14.6,0.0,33.5,50,1011.7,21.02,83.4,240.25,8.91,6.9,81.08,74.88
2024-03-03,21.7,11.2,0.0,26.6,39,1013.9,33.8,119.99,262.25,12.2,10.46,87.04,83.29
2024-03-04,24.2,10.0,0.0,21.4,46,1015.6,29.39,79.83,421.38,21.76,15.63,83.75,96.42
2024-03-05,26.2,13.5,0.0,23.2,29,1016.6,22.32,46.4,403.83,21.36,14.37,84.42,84.33
2024-03-06,25.6,14.8,0.0,18.3,37,1015.4,21.05,49.43,362.21,15.8,15.25,105.46,86.83
2024-03-07,27.9,17.7,0.0,24.0,57,1013.8,22.35,60.06,332.58,16.49,11.33,98.79,81.46
2024-03-08,28.3,17.3,0.0,19.5,49,1015.3,28.26,56.23,487.54,24.43,16.32,97.79,96.62
2024-03-09,29.7,17.1,0.0,19.6,40,1015.2,32.16,60.36,537.12,28.29,16.57,95.42,100.12
2024-03-10,25.9,19.0,2.2,19.5,50,1015.0,43.98,90.81,631.29,34.82,22.89,84.79,107.38
2024-03-11,27.2,18.6,0.0,22.2,71,1015.6,22.93,56.3,326.08,14.85,8.11,86.75,96.08
2024-03-12,27.6,19.1,0.0,24.9,82,1015.2,18.38,38.7,302.5,15.82,8.35,75.5,73.0
2024-03-13,31.2,21.0,0.0,26.7,57,1013.3,26.13,91.02,248.04,11.66,6.1,84.75,66.54
2024-03-14,29.4,18.2,0.0,25.0,30,1013.9,42.98,130.56,358.67,19.52,13.51,91.08,110.42
2024-03-15,32.0,17.8,0.0,23.8,36,1013.8,24.95,48.15,418.54,24.63,10.25,89.33,98.33
2024-03-16,30.9,17.8,0.0,22.6,36,1013.4,25.85,59.89,378.58,22.4,10.0,92.38,87.25
2024-03-17,34.0,19.4,0.0,25.1,29,1013.3,19.94,48.14,338.21,17.95,10.78,101.67,87.42
2024-03-18,32.8,19.4,0.0,20.0,37,1013.0,22.18,49.19,390.0,20.86,12.81,106.0,93.33
2024-03-19,34.8,20.8,0.0,22.4,56,1012.4,16.65,54.86,328.33,18.97,6.98,76.92,71.21
2024-03-20,33.1,19.8,0.0,22.7,66,1012.3,22.91,72.43,440.71,25.68,9.32,84.79,79.17
2024-03-21,33.2,22.3,0.0,26.8,53,1010.3,25.62,61.34,311.04,17.04,5.94,78.5,78.0
2024-03-22,31.8,23.1,0.0,26.9,70,1007.9,23.92,56.09,266.83,11.35,5.11,90.42,82.92
2024-03-23,30.7,22.8,0.0,25.8,81,1008.5,22.18,71.01,253.42,13.12,5.42,76.38,74.46
2024-03-24,31.5,23.4,0.0,29.9,73,1009.1,20.6,58.06,250.54,13.82,4.98,71.12,74.58
2024-03-25,33.2,22.6,0.0,30.1,67,1011.1,20.29,56.15,334.5,18.93,7.57,84.58,78.67
2024-03-26,34.4,23.3,0.0,27.1,66,1010.6,17.43,40.69,287.25,15.37,5.6,70.29,66.75
2024-03-27,31.7,23.5,0.0,27.4,73,1011.8,19.31,61.43,259.88,13.47,5.35,75.75,66.42
2024-03-28,34.6,23.5,0.0,26.7,56,1010.9,12.39,41.61,282.42,14.73,5.5,105.96,71.5
2024-03-29,29.2,22.2,0.0,26.6,68,1010.3,23.92,78.92,275.04,12.92,5.98,107.04,69.96
2024-03-30,29.2,22.3,0.0,30.7,71,1011.6,30.19,107.82,225.25,9.01,4.5,96.21,82.46
2024-03-31,33.7,21.3,0.0,25.6,54,1012.6,46.72,159.02,325.67,16.7,9.88,105.62,107.62
2024-04-01,31.8,20.7,0.0,23.1,62,1010.2,31.68,96.08,334.96,18.25,8.92,93.33,116.79
2024-04-02,30.3,23.0,0.0,30.2,72,1007.6,22.71,59.82,225.46,9.94,5.21,102.58,82.75
2024-04-03,30.0,23.0,0.0,24.5,78,1007.8,33.3,108.53,297.42,11.79,6.62,126.67,99.79
2024-04-04,32.1,23.0,0.0,27.6,67,1009.2,17.5,56.44,282.5,14.14,5.88,111.12,84.96
2024-04-05,31.4,24.5,0.0,30.4,58,1009.2,17.48,57.01,261.25,11.87,5.53,111.62,69.75
2024-04-06,30.8,23.7,0.0,27.3,60,1008.6,15.3,49.0,263.46,12.02,5.76,119.21,76.08
2024-04-07,32.0,21.7,0.0,24.9,76,1008.1,19.14,51.16,306.96,16.93,6.56,100.12,70.83
2024-04-08,34.7,21.6,0.0,22.5,68,1008.5,19.37,52.28,345.21,18.88,6.47,100.08,75.46
2024-04-09,35.1,22.2,0.0,26.6,57,1008.5,13.9,33.46,312.83,17.17,5.73,84.04,65.5
2024-04-10,32.2,23.0,0.0,24.3,76,1008.0,17.08,40.63,265.75,14.92,6.13,61.21,62.29
2024-04-11,31.3,22.4,0.0,21.0,80,1008.3,17.78,45.77,289.21,17.46,6.6,79.33,69.04
2024-04-12,33.6,23.0,0.0,23.3,77,1007.4,13.38,35.54,260.79,15.1,6.38,69.88,63.46
2024-04-13,32.0,25.0,0.0,23.8,78,1007.4,14.41,45.93,225.42,13.42,5.42,61.04,56.54
2024-04-14,29.5,24.5,3.4,14.8,80,1010.4,25.63,111.98,291.71,21.41,14.49,51.83,66.42
2024-04-15,30.3,23.2,0.0,19.7,76,1011.9,22.35,73.21,314.21,19.06,8.47,57.71,88.04
2024-04-16,33.9,23.7,0.0,24.5,73,1010.9,21.68,72.06,288.12,17.06,14.82,71.12,65.5
2024-04-17,33.9,24.6,0.0,18.9,57,1008.6,24.6,62.84,349.04,20.37,14.2,83.12,82.96
2024-04-18,29.7,25.3,0.5,28.0,78,1007.4,22.79,86.12,189.96,9.66,5.31,63.92,73.04
2024-04-19,29.8,24.2,0.0,33.4,71,1006.0,25.62,57.39,206.71,6.31,3.92,113.21,82.5
2024-04-20,32.8,24.6,0.0,25.6,66,1006.3,21.69,48.68,231.42,8.25,4.58,111.21,79.88
2024-04-21,31.5,24.3,0.0,32.2,72,1006.9,23.31,54.32,233.71,9.19,4.79,98.92,76.25
2024-04-22,32.0,24.7,0.0,33.4,76,1007.5,20.46,57.55,196.04,8.47,4.09,70.5,73.88
2024-04-23,31.8,24.4,0.0,27.7,79,1006.6,19.8,56.55,201.42,9.14,4.52,78.79,70.62
2024-04-24,31.8,24.2,0.0,25.9,78,1006.1,19.32,51.11,216.96,10.2,5.12,72.79,69.0
2024-04-25,31.6,24.1,0.0,31.4,79,1006.1,16.59,46.14,216.21,11.09,4.7,67.75,68.5
2024-04-26,31.8,25.4,0.0,28.9,75,1006.3,16.82,65.68,200.08,8.03,4.22,77.12,62.71
2024-04-27,32.0,24.3,0.0,26.8,77,1007.5,15.91,60.03,219.83,10.24,4.81,75.92,64.71
2024-04-28,33.9,24.6,0.0,26.3,75,1007.8,18.02,66.27,225.25,11.41,6.21,77.79,63.17
2024-04-29,37.4,25.7,0.0,24.7,42,1008.4,26.88,118.33,259.79,13.53,6.3,90.0,76.08
2024-04-30,38.1,25.0,0.0,27.2,37,1007.5,30.21,127.33,255.67,12.13,6.57,102.29,90.96
2024-05-01,36.8,23.7,0.0,28.0,21,1005.4,35.11,146.83,257.62,13.22,9.28,100.46,93.5
2024-05-02,36.4,22.0,0.0,29.5,55,1004.7,38.18,114.87,325.38,17.26,11.54,108.21,119.17
2024-05-03,33.1,26.0,0.0,30.7,71,1005.5,17.51,52.98,231.08,11.58,5.72,62.0,79.62
2024-05-04,33.5,26.6,0.0,32.8,70,1007.3,21.47,48.56,207.88,8.29,4.38,79.75,74.71
2024-05-05,32.7,25.9,0.0,32.5,74,1005.8,18.22,48.96,191.42,7.37,3.89,64.71,69.29
2024-05-06,35.1,26.6,0.0,29.9,66,1004.7,15.11,60.69,208.5,10.5,4.58,69.5,62.21
2024-05-07,35.0,26.8,0.0,28.5,67,1005.4,17.72,62.09,237.25,12.7,5.65,76.33,67.08
2024-05-08,34.9,26.0,0.0,26.4,78,1005.2,9.32,31.94,205.25,11.78,5.67,61.17,57.25
2024-05-09,34.4,26.4,0.0,24.6,80,1004.2,9.9,33.53,194.96,10.12,5.54,55.75,50.62
2024-05-10,33.1,26.6,0.0,24.8,78,1005.3,11.94,41.93,210.67,10.07,6.28,58.38,53.67
2024-05-11,32.3,25.6,0.0,21.2,76,1007.0,16.37,58.64,206.58,10.42,7.27,68.29,60.58
2024-05-12,33.1,26.2,0.0,24.1,77,1007.1,15.38,68.15,222.0,11.47,7.55,85.58,65.67
2024-05-13,33.0,25.8,0.0,24.7,79,1006.9,19.26,100.33,225.92,12.8,8.19,79.88,69.21
2024-05-14,33.4,24.9,0.0,22.5,76,1008.2,19.13,66.63,241.12,15.13,8.65,82.5,73.92
2024-05-15,36.6,26.3,0.0,22.0,67,1008.4,13.99,38.88,197.46,11.38,5.92,75.42,65.29
2024-05-16,35.2,26.2,0.0,25.7,70,1008.6,15.57,39.38,231.38,12.44,5.6,67.29,60.71
2024-05-17,36.3,26.4,0.0,29.1,69,1006.6,16.53,48.39,231.38,11.84,4.97,68.79,62.71
2024-05-18,38.1,26.5,0.0,30.3,67,1004.9,11.09,27.88,219.0,11.19,4.75,66.62,60.25
2024-05-19,34.1,26.4,0.0,27.8,75,1003.0,8.52,25.05,186.29,10.47,5.15,53.21,50.33
2024-05-20,34.6,28.1,0.0,32.1,76,1002.5,10.32,37.36,186.08,8.95,4.38,60.25,49.75
2024-05-21,36.0,27.5,0.0,31.3,74,1002.3,14.65,65.62,206.17,9.67,4.82,67.88,54.83
2024-05-22,36.0,28.5,0.0,31.6,71,1001.6,14.9,56.18,211.29,10.23,5.13,70.83,61.46
2024-05-23,34.9,27.6,0.0,31.4,74,1000.5,14.98,46.48,212.04,10.36,5.08,71.62,61.62
2024-05-24,34.7,27.8,0.0,29.7,77,999.5,13.59,37.0,188.04,10.07,5.67,75.83,59.96
2024-05-25,34.3,27.6,0.0,27.3,79,1000.1,17.55,58.13,188.25,10.63,5.84,79.67,62.33
2024-05-26,34.9,28.1,0.0,30.1,77,1001.2,18.65,56.13,178.79,8.72,4.75,71.88,66.67
2024-05-27,34.6,28.0,0.0,36.4,78,1000.0,22.09,71.29,163.83,7.3,4.05,69.42,72.71
2024-05-28,34.7,28.5,0.0,39.5,75,998.5,18.78,56.03,155.42,6.31,3.47,65.42,72.25
2024-05-29,41.5,28.8,0.0,36.2,64,996.5,20.89,82.38,179.33,7.88,3.77,75.67,69.08
2024-05-30,41.6,28.4,0.0,29.4,68,998.1,18.33,64.31,189.96,9.6,5.16,76.42,70.29
2024-05-31,35.3,28.0,0.0,27.8,79,999.9,20.02,87.17,186.12,8.58,5.86,73.42,69.08
2024-06-01,38.3,27.9,0.0,25.5,68,999.2,42.78,204.33,214.25,10.25,5.41,86.46,91.67
2024-06-02,33.4,28.2,0.0,25.4,78,1002.4,16.9,56.03,171.62,7.81,5.63,63.79,99.75
2024-06-03,32.8,27.9,0.0,27.5,74,1003.7,15.93,78.12,156.54,7.09,5.11,61.5,63.58
2024-06-04,32.7,27.8,0.0,32.7,72,1003.4,19.04,71.67,137.38,5.45,3.8,63.5,65.79
2024-06-05,32.6,28.2,0.0,34.0,71,1003.3,20.1,72.65,139.12,5.24,3.48,60.42,70.29
2024-06-06,33.0,28.4,0.6,30.9,74,1004.4,21.63,67.04,142.88,5.71,3.76,59.96,71.96
2024-06-07,33.3,27.8,0.0,31.1,73,1003.6,19.59,71.77,164.04,6.88,4.73,61.21,72.96
2024-06-08,33.5,28.1,0.0,32.1,74,1002.3,16.34,61.71,159.67,7.12,4.4,57.58,67.25
2024-06-09,33.5,28.0,0.0,30.5,75,1002.7,14.05,50.6,152.62,7.48,4.55,58.62,60.62
2024-06-10,33.4,27.8,0.0,32.3,76,1003.1,15.5,49.73,147.5,6.67,4.25,60.17,60.62
2024-06-11,33.3,28.3,0.0,33.1,73,1002.8,18.19,46.87,154.12,6.11,3.91,62.67,65.0
2024-06-12,33.4,28.5,0.0,33.0,71,1002.8,19.28,45.06,152.21,5.65,3.74,63.08,68.0
2024-06-13,33.2,28.9,0.3,31.1,71,1002.0,21.44,53.95,155.04,5.53,3.73,64.96,70.67
2024-06-14,33.5,28.9,0.4,29.8,73,1000.5,21.35,66.98,145.38,5.82,4.05,62.88,74.12
2024-06-15,33.6,29.0,0.4,22.5,74,1000.3,19.6,70.72,158.75,7.35,5.1,62.29,72.12
2024-06-16,34.2,28.8,0.1,28.2,74,1001.0,20.65,70.39,181.54,7.72,5.24,65.33,71.21
2024-06-17,33.3,29.1,0.5,25.2,71,1001.3,19.93,97.55,175.96,7.45,5.14,63.67,69.33
2024-06-18,33.5,29.6,0.7,28.1,70,1000.0,15.86,57.54,150.71,5.97,4.21,58.75,68.54
2024-06-19,34.0,29.1,0.0,31.8,76,996.1,18.24,85.37,156.33,6.75,4.53,64.21,64.92
2024-06-20,33.8,28.9,0.0,29.6,81,993.7,30.56,134.47,176.92,9.2,5.36,72.71,77.92
2024-06-21,33.7,29.1,0.4,25.7,79,995.7,28.64,129.78,169.92,8.45,5.73,68.88,91.29
2024-06-22,34.5,29.2,0.0,23.7,76,997.9,34.15,189.03,210.25,12.05,10.88,78.83,102.75
2024-06-23,35.3,28.9,0.0,26.4,74,998.8,26.55,139.2,199.04,11.2,6.65,61.96,106.21
2024-06-24,38.5,28.4,0.0,31.4,71,996.6,27.88,127.99,194.83,11.05,6.31,63.79,90.42
2024-06-25,37.2,28.4,0.0,35.8,74,994.5,26.68,111.33,190.75,11.43,7.23,72.71,83.67
2024-06-26,34.9,28.9,0.0,23.7,75,995.0,25.8,115.3,204.5,12.68,8.44,77.0,83.79
2024-06-27,35.9,29.8,0.0,25.3,71,995.8,25.6,122.1,209.04,12.7,7.67,66.46,82.33
2024-06-28,37.5,29.7,8.8,26.6,68,995.5,23.58,71.54,220.75,11.65,13.1,74.67,81.0
2024-06-29,36.4,29.6,0.0,27.4,72,995.5,15.79,34.21,221.67,11.81,13.35,71.83,71.5
2024-06-30,35.0,29.9,0.0,25.5,72,995.8,15.8,29.9,207.96,11.16,10.82,68.92,62.5
2024-07-01,35.9,30.3,0.0,31.4,74,993.4,24.33,88.01,170.33,7.39,5.51,69.04,67.83
2024-07-02,34.9,30.5,0.0,26.9,70,992.0,27.59,98.85,164.67,7.12,5.5,67.21,84.71
2024-07-03,34.8,30.4,0.3,28.3,73,993.8,22.18,93.87,154.21,6.78,5.33,58.75,79.17
2024-07-04,34.0,29.8,0.4,22.9,73,996.4,22.99,101.26,153.46,6.99,5.97,58.38,74.83
2024-07-05,33.5,29.7,0.6,22.9,71,995.1,24.78,103.83,147.38,6.92,5.9,61.12,77.96
2024-07-06,35.2,29.9,0.0,31.3,68,992.5,30.66,113.22,150.79,6.76,5.01,74.42,84.54
2024-07-07,35.2,30.2,0.3,32.3,75,993.9,34.36,125.92,174.38,8.45,5.77,77.67,96.58
2024-07-08,34.4,29.8,0.3,22.0,75,997.9,40.39,172.42,230.21,12.44,15.45,87.54,96.75
2024-07-09,34.7,29.8,0.9,20.4,78,999.6,34.9,121.11,273.04,16.62,14.16,89.58,116.92
2024-07-10,35.0,29.5,0.1,23.9,78,1000.9,32.92,109.76,251.58,15.7,8.75,66.5,102.38
2024-07-11,34.4,29.5,0.6,34.0,74,999.8,25.5,76.35,180.88,9.05,4.43,53.46,87.83
2024-07-12,33.2,29.5,1.2,39.8,75,996.2,25.62,69.06,152.25,7.11,3.33,47.54,79.54
2024-07-13,33.1,29.3,2.2,32.5,78,995.9,26.96,77.87,180.42,9.31,3.87,48.67,83.58
2024-07-14,33.1,28.8,0.6,28.1,78,996.1,23.79,79.88,184.42,10.0,4.81,46.17,80.88
2024-07-15,34.1,28.9,0.0,21.4,75,997.5,32.93,162.89,235.17,14.67,8.69,64.42,87.33
2024-07-16,35.9,29.2,0.1,26.9,74,997.4,31.48,135.92,242.79,16.01,8.1,68.92,99.88
2024-07-17,35.3,29.7,0.0,30.7,77,996.1,29.6,110.65,239.42,14.68,9.54,74.5,89.0
2024-07-18,34.8,30.2,0.0,29.5,77,996.3,29.06,98.75,185.54,9.38,6.9,70.38,89.58
2024-07-19,34.7,29.5,0.0,24.8,72,994.9,33.47,95.2,216.0,10.47,6.23,77.21,93.12
2024-07-20,38.6,29.6,0.2,22.0,71,995.1,35.31,110.18,266.29,15.71,10.36,84.58,96.71
2024-07-21,37.4,30.0,4.2,16.1,69,995.8,36.62,80.57,347.75,18.32,17.78,108.83,119.0
2024-07-22,35.2,30.0,3.4,30.9,77,996.6,25.0,65.32,232.79,10.94,6.81,73.29,92.08
2024-07-23,33.0,29.5,0.1,29.3,77,996.4,25.5,85.74,186.33,8.42,5.0,61.54,78.38
2024-07-24,32.4,29.3,0.0,31.2,76,993.9,31.05,134.31,174.75,7.71,4.88,57.17,89.46
2024-07-25,32.9,28.9,0.3,25.5,76,992.6,34.38,152.17,177.92,8.7,5.64,54.96,93.58
2024-07-26,33.8,29.4,0.4,28.5,76,994.1,33.32,137.07,174.12,8.06,5.33,62.96,98.62
2024-07-27,34.0,29.3,0.0,28.7,74,995.6,33.56,150.65,169.54,7.77,5.37,63.83,93.79
2024-07-28,33.3,29.3,0.0,19.5,74,995.1,38.97,174.82,218.25,12.7,9.41,63.83,107.58
2024-07-29,33.0,28.8,3.3,22.8,77,994.8,34.78,164.87,237.54,14.9,15.33,62.88,106.92
2024-07-30,32.8,28.0,18.4,20.4,85,996.8,30.16,95.8,260.08,16.68,9.22,59.62,101.25
2024-07-31,30.5,28.1,2.3,22.0,86,998.9,17.35,35.98,263.75,16.44,8.82,64.25,74.58
2024-08-01,31.1,28.4,1.4,33.9,83,997.4,21.92,55.62,192.04,9.6,4.17,56.5,68.46
2024-08-02,31.1,27.8,1.0,27.7,84,996.6,26.41,94.05,188.58,10.67,4.22,44.17,80.08
2024-08-03,30.8,27.9,0.2,25.3,82,997.3,32.12,116.33,231.96,15.5,5.52,42.67,88.33
2024-08-04,30.8,27.7,2.5,21.6,83,997.2,33.91,138.27,239.04,14.89,5.75,49.21,95.12
2024-08-05,30.7,26.4,1.6,20.4,82,999.6,28.19,113.37,220.71,13.38,6.95,49.71,94.25
2024-08-06,29.6,27.2,1.1,25.0,83,1000.2,23.0,85.03,206.92,12.93,5.4,44.17,79.25
2024-08-07,30.5,27.8,0.4,33.5,78,1000.2,20.32,73.26,167.46,7.46,3.83,49.75,74.5
2024-08-08,31.3,27.7,0.7,25.4,76,1001.5,20.08,66.61,185.5,8.54,4.41,51.71,72.0
2024-08-09,31.8,27.9,0.5,29.0,75,1002.9,18.33,65.73,186.42,8.3,4.36,50.04,70.25
2024-08-10,32.9,27.9,0.4,35.0,74,1002.5,16.12,55.33,154.96,6.66,3.66,47.33,64.29
2024-08-11,31.6,27.5,1.1,34.7,79,1000.0,15.85,52.19,156.25,6.86,3.47,44.42,62.88
2024-08-12,30.9,27.6,1.4,27.2,81,1000.6,18.84,87.16,179.46,9.19,4.56,42.12,66.04
2024-08-13,31.9,27.8,0.4,23.2,80,1002.5,17.11,87.8,194.5,10.46,5.62,44.54,66.42
2024-08-14,32.2,27.4,0.0,23.5,78,1003.1,18.44,117.72,173.0,8.07,4.98,45.33,78.08
2024-08-15,32.1,27.5,1.9,25.7,80,1001.9,19.04,82.1,170.79,7.16,4.63,45.38,73.0
2024-08-16,31.3,27.2,1.1,25.2,80,1000.2,19.25,65.47,167.79,7.91,4.64,40.58,69.67
2024-08-17,30.9,27.6,0.1,19.3,77,1001.5,20.78,78.07,192.46,11.08,5.5,37.62,69.88
2024-08-18,31.6,27.4,0.2,25.2,77,1003.1,20.18,72.47,202.33,12.29,5.76,36.08,72.5
2024-08-19,31.2,27.3,1.0,25.1,77,1003.6,17.93,54.02,213.08,11.46,5.51,42.67,69.62
2024-08-20,31.9,27.0,0.8,27.2,74,1003.1,16.4,43.07,193.0,8.92,4.55,43.58,65.25
2024-08-21,31.6,27.6,0.0,26.5,74,1003.7,16.75,44.53,176.79,7.53,4.18,47.0,63.29
2024-08-22,33.4,27.5,0.0,24.9,71,1003.2,18.88,63.59,178.04,7.79,4.49,50.75,67.79
2024-08-23,32.6,27.7,0.0,27.7,73,1003.3,18.0,63.23,173.79,7.07,4.2,52.42,67.42
2024-08-24,32.7,27.2,0.0,28.3,74,1003.3,21.13,79.81,176.79,7.3,4.34,53.46,67.88
2024-08-25,33.1,27.3,0.0,29.9,74,1001.6,23.69,81.96,170.46,6.6,4.04,55.71,77.12
2024-08-26,33.2,27.0,0.0,31.1,74,999.1,21.23,68.47,192.88,9.95,5.19,60.29,75.08
2024-08-27,33.4,27.1,51.2,22.3,82,998.0,20.79,50.62,284.62,13.97,8.25,84.71,76.0
2024-08-28,29.2,26.5,22.8,23.0,87,999.2,11.63,17.6,364.96,17.32,8.85,81.12,64.46
2024-08-29,29.8,26.7,21.8,25.8,89,998.0,15.52,28.06,354.33,20.05,9.16,74.96,56.62
2024-08-30,30.3,24.9,25.7,45.9,83,996.7,14.03,23.13,207.17,8.46,6.83,71.96,61.62
2024-08-31,28.3,25.0,8.5,46.6,87,1001.8,11.9,34.77,182.17,9.78,7.21,42.33,58.46
2024-09-01,29.0,25.4,1.0,23.3,88,1004.0,14.03,41.2,260.21,14.88,10.6,34.58,55.79
2024-09-02,29.3,24.9,0.0,17.5,87,1003.7,15.36,48.16,302.88,21.27,10.03,42.5,61.88
2024-09-03,29.9,25.4,0.0,21.4,86,1003.9,16.19,62.26,284.96,20.65,8.72,46.04,61.92
2024-09-04,30.2,26.1,2.2,20.2,83,1003.8,18.88,63.4,241.42,17.74,6.13,34.96,67.0
2024-09-05,30.1,26.4,0.2,29.8,84,1001.5,16.82,40.67,194.17,10.86,4.26,46.12,66.5
2024-09-06,30.1,26.5,0.9,26.4,84,1002.6,19.06,50.88,213.33,12.53,4.66,45.04,66.75
2024-09-07,29.6,25.9,0.2,20.9,83,1004.2,17.48,49.93,227.42,14.22,5.45,44.58,68.12
2024-09-08,29.9,25.6,0.1,20.7,84,1004.8,14.84,48.04,229.5,14.45,5.63,47.46,63.58
2024-09-09,30.3,25.7,0.0,26.2,82,1002.6,17.37,66.28,200.92,12.05,4.82,51.71,61.71
2024-09-10,30.0,25.8,0.5,22.9,83,1001.1,24.7,90.08,234.12,14.25,5.36,53.21,71.38
2024-09-11,30.2,25.2,0.2,19.6,82,1001.9,37.18,168.19,247.46,14.58,6.76,64.96,93.46
2024-09-12,30.6,25.7,0.0,25.4,79,1002.6,36.32,172.33,213.12,11.39,5.29,62.67,108.38
2024-09-13,30.8,26.2,0.1,31.4,74,1002.1,22.8,84.0,168.33,7.8,3.7,57.08,91.38
2024-09-14,31.2,26.3,0.0,32.4,72,1001.8,23.27,74.4,169.38,7.72,3.69,59.25,77.12
2024-09-15,30.7,26.3,0.0,27.4,72,1003.6,21.29,51.61,181.38,8.37,4.12,57.75,74.08
2024-09-16,29.9,26.1,0.5,26.1,75,1005.5,21.43,50.79,181.38,9.03,4.34,54.71,74.21
2024-09-17,31.5,25.9,0.0,25.8,77,1006.3,17.9,51.88,187.83,9.62,4.69,53.58,70.38
2024-09-18,32.1,25.5,0.0,23.8,78,1005.0,16.01,47.62,205.71,11.09,5.61,59.12,65.08
2024-09-19,31.5,25.0,0.0,23.5,80,1005.5,17.05,57.03,221.42,13.99,7.3,62.08,63.29
2024-09-20,31.9,25.6,0.0,25.0,81,1005.5,16.68,53.35,220.04,12.65,6.25,60.04,64.75
2024-09-21,31.3,25.9,0.0,25.5,75,1006.1,20.11,62.11,197.21,9.22,5.18,59.46,67.17
2024-09-22,31.6,26.2,0.0,25.9,73,1006.2,22.25,70.83,195.79,8.85,4.92,60.96,73.96
2024-09-23,32.0,26.7,0.0,26.8,73,1005.7,20.44,62.32,197.25,8.64,4.86,61.12,73.25
2024-09-24,32.0,26.8,0.0,26.9,73,1004.3,19.5,55.54,192.75,8.98,5.15,60.21,70.67
2024-09-25,32.4,26.5,0.0,24.7,75,1003.4,18.7,43.43,192.79,10.58,5.51,56.33,69.29
2024-09-26,32.8,26.6,0.0,25.1,74,1002.5,18.65,47.77,200.08,10.87,5.3,55.29,68.5
2024-09-27,32.4,26.8,0.0,28.8,76,1002.4,17.95,50.31,179.71,8.4,4.45,52.79,66.42
2024-09-28,32.8,26.9,0.0,25.2,74,1004.2,17.89,51.58,177.38,8.19,4.29,53.42,68.25
2024-09-29,32.6,26.6,0.0,23.7,74,1007.7,17.15,64.3,182.29,9.84,5.06,53.21,65.62
2024-09-30,32.2,26.3,0.0,25.7,75,1009.2,13.39,33.24,177.79,10.3,5.12,49.38,62.12
2024-10-01,32.8,26.4,0.0,27.2,77,1007.3,11.53,24.54,204.0,10.46,4.69,47.38,56.46
2024-10-02,32.4,26.5,0.0,28.4,79,1007.0,12.86,28.67,197.42,9.52,4.5,49.58,55.25
2024-10-03,32.0,26.7,0.0,30.6,79,1006.0,13.88,32.03,191.67,7.87,3.96,52.83,59.08
2024-10-04,32.0,26.8,0.0,31.0,80,1005.0,15.46,35.05,180.88,7.28,3.7,51.33,60.33
2024-10-05,32.3,26.3,0.0,26.3,78,1006.3,15.48,39.52,175.96,8.86,4.38,49.88,62.67
2024-10-06,32.1,26.0,0.0,22.8,78,1009.2,17.18,46.93,222.5,12.58,7.02,54.04,63.12
2024-10-07,34.1,24.9,0.0,19.6,68,1011.5,19.55,47.85,275.83,17.15,12.27,72.25,69.25
2024-10-08,37.6,24.8,0.0,21.8,49,1010.8,22.11,43.32,337.42,20.07,11.9,85.83,76.46
2024-10-09,38.0,26.8,0.0,26.9,49,1008.9,26.38,47.25,343.04,19.59,7.83,79.75,80.33
2024-10-10,37.0,25.8,0.0,24.0,56,1007.5,27.07,49.33,445.25,27.98,9.82,73.42,85.92
2024-10-11,37.5,26.5,0.0,27.0,46,1007.2,27.51,55.78,455.54,25.33,11.96,81.71,82.17
2024-10-12,36.1,25.2,0.0,25.6,58,1007.4,41.22,79.75,481.83,23.31,17.71,116.75,113.17
2024-10-13,33.6,26.2,0.0,20.3,69,1008.3,28.3,46.15,413.83,23.76,15.66,79.04,104.71
2024-10-14,34.4,28.3,0.0,14.7,61,1009.3,24.7,38.07,370.38,19.15,16.13,86.04,79.25
2024-10-15,36.4,26.9,0.3,28.8,56,1009.4,26.0,40.95,352.38,17.04,14.33,110.0,91.29
2024-10-16,36.1,26.7,0.0,25.2,64,1008.3,21.67,35.08,315.92,14.7,8.73,100.08,83.21
2024-10-17,34.5,27.3,0.0,23.0,74,1007.3,20.67,35.62,305.21,15.33,6.52,74.38,71.92
2024-10-18,34.6,25.2,0.0,20.0,76,1007.8,22.39,35.78,409.46,22.97,13.79,77.67,78.33
2024-10-19,36.8,25.6,0.0,23.0,59,1008.8,25.61,41.6,384.25,20.73,11.68,92.17,89.88
2024-10-20,37.3,26.0,0.0,21.7,58,1009.2,23.51,39.27,390.96,21.12,8.93,87.58,86.71
2024-10-21,35.3,25.9,0.0,26.5,71,1009.8,19.18,34.45,332.33,17.27,8.47,81.92,76.29
2024-10-22,36.3,24.7,0.0,29.4,66,1010.6,26.34,47.82,346.67,17.06,8.72,90.12,77.04
2024-10-23,34.9,25.0,0.2,25.6,72,1011.3,33.66,58.82,417.79,22.71,9.8,85.67,96.25
2024-10-24,36.6,23.7,0.0,23.2,59,1011.4,24.65,46.01,516.96,29.19,11.24,80.88,95.83
2024-10-25,37.9,25.0,0.0,21.3,59,1010.6,15.78,36.42,362.5,21.31,7.34,74.79,71.21
2024-10-26,35.7,26.5,0.0,23.0,70,1009.8,16.14,47.94,401.42,18.88,5.92,70.83,60.88
2024-10-27,36.4,24.6,0.0,20.1,67,1007.8,26.98,77.11,794.58,27.0,9.45,70.71,70.04
2024-10-28,34.5,25.1,0.0,19.9,77,1005.9,30.79,77.3,572.08,20.55,6.65,68.12,90.5
2024-10-29,32.7,25.5,0.0,22.1,81,1007.2,41.37,119.19,579.08,17.68,5.97,71.58,100.12
2024-10-30,32.2,25.7,0.0,23.9,83,1009.2,38.77,141.03,494.54,21.24,6.69,68.12,117.62
2024-10-31,33.4,25.4,0.0,18.6,79,1011.6,37.89,101.11,517.25,26.2,10.06,73.42,104.79
2024-11-01,34.5,24.3,0.0,21.2,72,1012.4,29.74,68.59,463.58,25.35,7.98,63.88,100.04
2024-11-02,32.2,25.2,0.0,20.4,80,1011.8,24.25,51.8,541.33,21.28,6.25,63.5,81.21
2024-11-03,31.6,24.2,0.0,16.3,83,1012.0,27.41,59.11,749.58,29.42,9.41,59.54,83.96
2024-11-04,32.9,23.5,0.0,19.9,75,1011.8,25.8,49.81,729.58,31.04,11.04,68.54,84.83
2024-11-05,33.1,22.7,0.0,17.0,72,1012.7,28.03,48.73,583.17,29.35,9.35,73.08,82.62
2024-11-06,34.1,22.8,0.0,20.3,72,1014.3,25.71,42.56,626.62,28.77,8.92,73.83,85.33
2024-11-07,31.8,23.7,0.0,22.0,80,1013.1,27.21,48.04,553.29,22.57,6.79,72.71,84.17
2024-11-08,31.8,25.2,0.0,20.1,77,1012.3,19.48,39.57,776.29,20.42,7.23,68.46,75.83
2024-11-09,31.1,24.2,0.0,19.4,78,1012.9,21.49,43.24,642.75,24.68,7.55,65.21,72.33
2024-11-10,31.3,23.9,0.0,20.7,77,1013.6,20.77,40.72,570.83,25.05,6.65,57.33,72.5
2024-11-11,31.3,23.2,0.0,20.1,78,1013.1,23.43,48.27,806.0,26.15,7.11,55.29,75.67
2024-11-12,31.1,24.1,0.0,17.7,76,1012.2,29.34,59.96,938.46,34.71,12.38,49.04,80.08
2024-11-13,31.6,23.5,0.0,10.6,68,1011.3,41.45,56.68,803.42,42.64,25.89,56.12,104.21
2024-11-14,31.7,22.9,0.0,10.7,61,1012.1,37.97,45.6,754.08,38.22,22.67,65.71,107.46
2024-11-15,32.1,22.7,0.0,10.6,53,1012.8,39.93,43.39,692.0,28.99,20.87,91.79,112.96
2024-11-16,31.4,22.4,0.0,12.4,65,1012.4,33.59,38.57,807.12,28.98,20.38,83.96,107.33
2024-11-17,31.8,22.6,0.0,14.9,69,1012.5,30.45,40.09,917.88,31.65,19.99,69.75,91.83
2024-11-18,32.3,23.1,0.0,17.1,55,1013.6,42.11,51.04,972.21,42.93,22.35,62.54,99.67
2024-11-19,31.5,22.8,0.0,12.6,53,1014.7,41.96,48.14,929.67,40.46,21.23,63.83,124.46
2024-11-20,30.7,22.5,0.0,12.8,57,1013.8,28.5,32.91,851.54,28.09,18.03,72.21,98.08
2024-11-21,30.2,21.5,0.0,12.1,66,1013.3,32.66,36.02,1046.75,35.83,21.12,59.58,94.21
2024-11-22,30.4,22.7,0.0,14.4,66,1012.7,23.37,26.33,973.46,27.12,18.64,75.46,83.46
2024-11-23,30.2,22.9,0.0,12.5,65,1012.9,21.37,25.05,962.96,26.5,16.5,67.92,74.04
2024-11-24,29.9,22.9,0.0,10.1,67,1013.4,28.87,33.81,1013.96,34.47,23.55,72.0,81.08
2024-11-25,31.1,21.5,0.0,11.5,53,1014.4,40.73,46.52,959.29,53.53,28.45,65.88,98.46
2024-11-26,30.8,21.1,0.0,12.3,58,1014.2,42.0,48.62,1009.17,48.99,28.45,60.25,127.12
2024-11-27,30.0,22.2,0.0,12.4,71,1012.5,28.47,38.04,1102.5,40.65,20.2,53.88,96.5
2024-11-28,30.0,22.0,0.0,11.5,75,1012.8,36.23,43.25,1461.46,44.0,29.3,52.33,98.42
2024-11-29,30.1,22.0,0.0,11.4,73,1013.8,25.77,32.2,869.88,33.41,23.41,63.25,87.17
2024-11-30,30.7,21.8,0.0,11.5,56,1013.1,37.38,40.74,829.12,37.75,18.63,65.29,89.5
2024-12-01,29.4,20.4,0.0,11.1,42,1011.6,50.24,52.7,1113.79,36.87,23.21,78.75,122.88
2024-12-02,30.3,20.1,0.0,9.9,39,1011.2,42.18,44.83,938.79,36.61,17.58,74.25,128.04
2024-12-03,30.3,20.9,0.0,13.6,44,1013.6,43.75,47.62,613.42,15.91,16.0,94.96,120.54
2024-12-04,29.6,21.7,0.0,16.1,42,1014.8,47.73,53.9,701.71,15.44,19.0,96.25,126.12
2024-12-05,28.4,19.5,0.0,10.9,50,1014.2,50.05,58.88,1093.71,28.93,22.59,72.33,134.5
2024-12-06,28.1,18.5,0.0,9.3,57,1012.8,36.66,57.38,1179.29,38.44,28.7,62.42,124.46
2024-12-07,28.6,16.1,0.0,10.0,33,1011.7,32.1,35.28,828.83,47.35,29.96,56.92,87.62
2024-12-08,28.2,17.9,0.0,14.8,14,1013.5,29.2,38.98,460.83,37.92,18.57,54.33,97.79
2024-12-09,26.1,14.5,0.0,10.9,22,1015.8,25.87,37.15,1039.25,35.66,14.39,52.75,84.71
2024-12-10,25.6,15.2,0.0,10.3,27,1016.4,29.69,32.47,1030.79,28.3,16.57,65.75,78.79
2024-12-11,25.9,14.7,0.0,8.0,31,1016.0,39.95,44.94,1033.58,43.23,26.23,60.79,100.83
2024-12-12,25.1,14.4,0.0,11.4,30,1016.5,28.62,32.88,643.67,33.6,15.08,61.04,107.83
2024-12-13,24.0,15.0,0.0,18.2,26,1017.8,17.53,20.66,535.88,14.12,13.44,81.33,70.12
2024-12-14,24.8,15.6,0.0,14.1,26,1017.2,27.73,28.92,695.0,15.84,18.29,93.62,78.79
2024-12-15,25.6,14.0,0.0,11.2,29,1017.2,25.42,26.13,883.75,29.01,20.88,79.71,82.75
2024-12-16,26.4,14.8,0.0,10.6,31,1016.2,28.8,29.16,1062.33,38.32,23.95,65.0,81.04
2024-12-17,26.0,14.0,0.0,9.8,36,1015.0,38.09,57.07,904.08,28.64,20.41,69.54,100.83
2024-12-18,25.9,16.6,0.0,12.7,28,1014.3,36.88,41.65,729.75,21.42,18.97,86.25,103.08
2024-12-19,25.2,14.8,0.0,9.9,34,1013.4,39.72,43.93,928.5,27.12,22.8,86.88,108.71
2024-12-20,24.5,15.2,0.0,12.1,32,1015.4,29.94,33.6,777.67,20.82,19.78,80.71,98.71
2024-12-21,24.2,13.7,0.0,12.0,30,1014.6,40.21,41.82,790.54,18.45,23.57,104.88,99.21
2024-12-22,24.2,13.5,0.0,11.4,43,1013.0,47.19,53.69,1076.88,26.88,24.29,86.33,124.33
2024-12-23,24.2,14.6,0.0,10.5,55,1013.7,56.77,70.55,1171.0,40.7,26.8,66.92,134.88
2024-12-24,24.4,14.7,0.0,11.8,37,1016.8,68.08,69.42,880.29,20.12,21.6,95.83,155.92
2024-12-25,23.5,14.3,0.0,14.1,40,1018.2,66.79,67.76,878.33,14.9,23.21,113.83,158.92
2024-12-26,23.8,14.4,0.0,12.4,38,1019.2,59.36,60.98,838.46,17.26,24.78,105.75,157.21
2024-12-27,24.4,13.8,0.0,10.8,36,1018.9,42.31,43.77,1341.83,28.0,22.28,84.83,135.08
2024-12-28,25.2,12.9,0.0,11.5,31,1019.1,25.41,27.35,976.83,34.44,21.63,65.25,97.38
2024-12-29,25.2,13.4,0.0,11.3,35,1019.5,28.27,31.46,931.54,31.95,17.28,69.12,81.62
2024-12-30,25.1,15.0,0.0,11.5,33,1018.5,39.72,40.46,1220.12,28.9,19.3,86.08,93.79
2024-12-31,25.8,14.4,0.0,8.7,35,1018.0,39.08,40.03,1384.08,30.85,18.66,73.08,117.54
2025-01-01,26.2,15.3,0.0,10.5,35,1016.7,37.53,40.68,972.75,20.75,17.97,90.92,99.04
2025-01-02,25.6,14.9,0.0,9.6,45,1015.9,51.34,55.4,1431.67,32.39,23.76,89.88,123.38
2025-01-03,24.6,14.9,0.0,11.5,55,1015.6,66.61,72.96,1241.04,35.8,30.43,98.17,151.71
2025-01-04,24.2,17.2,0.0,14.1,55,1014.4,51.68,69.33,776.33,36.07,24.81,65.79,158.67
2025-01-05,22.5,13.2,0.0,10.7,47,1015.2,40.22,55.07,908.67,39.32,26.18,67.33,105.0
2025-01-06,24.5,13.2,0.0,9.4,38,1017.6,31.08,35.26,1103.71,41.31,21.63,53.67,106.62
2025-01-07,24.9,13.5,0.0,11.8,24,1018.7,21.93,22.95,958.92,31.35,15.6,73.96,77.75
2025-01-08,23.5,11.5,0.0,9.6,37,1015.7,27.83,28.09,1175.42,37.44,30.14,75.5,82.75
2025-01-09,24.2,12.3,0.0,7.7,51,1013.9,33.83,34.53,1418.38,44.03,24.17,70.0,90.12
2025-01-10,25.4,15.4,0.0,13.6,39,1014.9,45.69,46.36,1071.21,53.06,24.42,63.62,108.21
2025-01-11,25.9,14.8,0.0,10.6,43,1015.9,45.13,45.47,1102.5,41.83,28.9,74.83,130.21
2025-01-12,25.8,14.7,0.0,13.6,35,1018.0,41.62,41.75,1100.96,35.41,22.98,87.38,122.17
2025-01-13,23.5,14.7,0.0,15.1,41,1018.5,53.12,53.94,893.71,13.7,16.43,104.38,133.54
2025-01-14,24.1,13.5,0.0,10.4,52,1017.4,55.85,57.77,951.75,30.59,19.36,85.88,142.33
2025-01-15,25.1,14.9,0.0,10.5,52,1018.2,55.61,61.24,1064.67,37.36,21.05,74.42,148.29
2025-01-16,22.7,14.7,0.0,11.1,54,1019.2,69.3,78.48,1367.67,45.83,34.14,80.96,154.75
2025-01-17,24.5,14.8,0.0,15.9,39,1018.2,37.27,42.33,769.46,22.53,17.28,90.08,143.67
2025-01-18,24.9,15.5,0.0,13.8,35,1015.0,43.68,45.75,782.79,19.83,17.95,102.0,110.75
2025-01-19,25.7,14.5,0.0,10.7,34,1015.0,46.45,47.63,1000.92,25.98,19.41,97.12,121.33
2025-01-20,26.0,16.1,0.0,12.4,39,1014.9,56.43,57.63,1320.12,29.4,24.24,98.12,140.29
2025-01-21,24.7,14.6,0.0,11.7,50,1014.1,49.12,53.02,1226.21,27.35,24.33,101.83,142.92
2025-01-22,25.0,16.8,0.0,13.4,60,1013.6,30.97,41.13,728.88,27.66,17.64,79.33,115.96
2025-01-23,26.4,15.1,0.0,12.0,36,1016.4,31.82,38.18,657.25,30.1,15.1,70.04,99.75
2025-01-24,25.9,15.0,0.0,13.3,25,1016.1,16.2,19.65,640.83,17.01,11.55,89.79,70.79
2025-01-25,26.2,15.2,0.0,11.3,28,1015.4,22.57,26.01,1166.71,29.99,17.35,79.5,69.0
2025-01-26,25.8,14.1,0.0,12.2,40,1014.2,34.1,39.07,967.83,46.46,27.61,61.0,90.33
2025-01-27,27.1,14.3,0.0,11.8,63,1012.4,38.51,44.62,970.58,46.96,28.03,53.83,105.88
2025-01-28,25.7,14.0,0.0,11.4,75,1011.2,31.02,33.58,803.0,42.39,25.52,53.25,100.42
2025-01-29,26.3,17.0,0.0,12.7,80,1012.0,22.12,40.12,543.33,24.34,12.88,68.88,80.0
2025-01-30,26.6,16.3,0.0,13.1,52,1012.0,33.32,74.84,591.08,22.17,14.41,78.46,83.29
2025-01-31,24.1,15.0,0.0,13.8,29,1010.9,34.17,91.17,429.17,18.39,14.92,75.17,101.08
2025-02-01,24.5,12.7,0.0,11.4,44,1012.8,43.71,102.58,666.75,36.0,17.71,65.5,105.25
2025-02-02,26.7,14.8,0.0,13.4,27,1014.5,24.62,30.96,678.04,25.1,13.04,80.46,98.12
2025-02-03,25.0,16.7,0.0,15.7,33,1013.7,27.35,35.43,648.42,15.3,17.9,105.25,84.38
2025-02-04,24.8,16.7,0.0,14.5,50,1015.0,18.31,34.52,481.58,16.38,11.03,93.38,79.83
2025-02-05,25.8,14.4,0.0,13.4,43,1015.5,22.37,37.58,731.83,29.35,16.95,73.12,69.04
2025-02-06,27.4,14.8,0.0,12.7,29,1016.1,24.44,31.72,746.46,34.0,14.68,64.25,83.67
2025-02-07,28.4,17.9,0.0,13.8,18,1016.0,18.01,25.28,563.38,21.12,12.04,83.58,67.17
2025-02-08,28.1,16.8,0.0,10.1,27,1014.1,29.71,37.54,801.96,27.28,18.38,86.42,77.25
2025-02-09,27.0,15.4,0.0,11.3,39,1012.8,35.72,38.23,864.33,35.0,24.08,80.38,99.42
2025-02-10,26.3,17.1,0.0,13.4,71,1013.3,26.23,28.83,551.54,23.86,16.1,87.08,93.71
2025-02-11,27.7,20.4,0.0,12.7,76,1013.6,29.52,79.68,447.92,18.04,12.54,79.12,79.33
2025-02-12,29.0,17.9,0.0,10.7,59,1015.3,50.8,114.4,853.21,34.93,22.66,70.88,113.5
2025-02-13,28.3,18.2,0.0,11.1,48,1015.4,49.95,86.0,989.71,42.07,29.36,68.67,146.29
2025-02-14,29.7,19.8,0.0,14.7,65,1013.4,27.46,57.6,428.83,22.55,12.7,72.88,105.46
2025-02-15,29.4,22.0,0.0,16.2,67,1010.9,29.41,67.02,359.71,16.98,11.01,81.62,83.58
2025-02-16,30.3,21.3,0.0,14.1,68,1010.7,24.62,57.38,424.67,17.28,10.57,78.71,85.79
2025-02-17,30.6,20.7,0.0,13.2,60,1012.9,27.4,50.85,774.46,28.32,17.37,83.38,81.46
2025-02-18,30.9,21.4,0.0,13.5,61,1013.5,22.31,50.94,603.67,24.25,12.5,67.12,88.46
2025-02-19,29.5,22.7,0.0,20.7,61,1011.5,18.71,49.0,343.0,13.42,9.22,79.33,67.21
2025-02-20,31.4,20.7,0.0,14.4,47,1011.7,35.97,120.54,641.42,24.38,16.92,83.0,79.5
2025-02-21,29.3,20.9,0.0,8.4,47,1014.8,48.15,128.28,1043.12,35.72,24.17,56.75,115.83
2025-02-22,29.2,18.6,0.0,11.7,44,1016.0,36.55,55.11,883.46,35.12,26.2,84.58,128.67
2025-02-23,27.6,19.4,0.0,12.6,75,1015.5,30.3,42.69,655.46,31.16,20.82,77.38,99.58
2025-02-24,28.8,19.6,0.0,12.1,80,1015.3,22.81,47.98,627.92,34.07,24.28,58.12,76.58
2025-02-25,29.1,20.2,0.0,8.0,66,1015.5,34.01,79.83,881.58,47.03,33.33,40.33,85.88
2025-02-26,29.8,20.1,0.0,10.4,70,1015.5,21.83,51.53,555.75,37.78,21.53,41.29,88.33
2025-02-27,27.0,20.7,0.0,12.9,80,1013.2,16.57,28.07,365.67,23.66,14.87,52.96,67.46
2025-02-28,27.2,22.0,0.0,20.0,74,1010.9,28.02,59.41,299.54,12.95,10.55,89.79,74.92
2025-03-01,27.9,21.2,0.0,16.8,71,1011.7,29.23,56.58,427.33,17.61,14.03,97.83,88.42
2025-03-02,27.6,18.1,0.0,15.0,69,1011.9,27.39,43.05,608.17,22.08,16.72,92.25,93.88
2025-03-03,28.7,21.3,0.0,17.8,72,1012.1,27.92,74.98,363.62,14.93,11.62,86.04,79.08
2025-03-04,29.4,19.1,0.0,12.2,31,1016.2,36.36,102.96,582.54,25.94,14.06,79.12,104.92
2025-03-05,30.1,16.8,0.0,11.8,23,1017.3,21.12,36.38,600.04,23.49,15.24,90.5,88.38
2025-03-06,32.3,19.7,0.0,13.9,57,1013.9,20.36,33.47,547.46,25.05,17.14,88.04,74.33
2025-03-07,33.1,19.6,0.0,11.9,55,1011.0,22.67,46.3,753.88,25.47,16.23,88.71,76.42
2025-03-08,36.6,22.2,0.0,16.5,42,1008.0,22.82,69.52,524.5,20.35,12.15,74.25,79.12
2025-03-09,36.5,22.6,0.0,13.7,42,1008.9,27.74,59.27,619.29,28.66,18.37,84.79,86.92
2025-03-10,36.3,22.2,0.0,12.0,43,1011.3,25.43,45.25,697.96,34.2,17.78,60.42,84.25
2025-03-11,34.5,21.5,0.0,11.8,48,1012.0,22.56,32.1,680.5,36.83,17.52,60.62,80.17
2025-03-12,32.8,21.9,0.0,14.3,62,1010.0,18.25,26.89,524.04,25.2,13.65,63.29,72.0
2025-03-13,33.1,24.3,0.0,15.2,63,1007.9,15.59,30.54,412.25,16.54,10.52,81.96,63.17
2025-03-14,31.7,25.2,0.0,17.0,61,1007.8,24.56,66.84,344.67,12.87,10.2,89.33,68.12
2025-03-15,33.0,22.2,0.0,15.4,49,1009.8,28.85,66.59,450.96,16.57,14.78,103.67,94.25
2025-03-16,32.5,22.7,0.0,16.9,43,1011.8,26.4,64.0,509.25,20.94,14.99,99.12,89.58
2025-03-17,31.8,20.6,0.0,14.1,44,1012.4,29.11,58.99,574.88,35.01,19.07,70.96,90.83
2025-03-18,30.8,20.4,0.0,14.2,62,1011.4,16.53,37.2,644.08,21.31,13.77,82.46,75.08
2025-03-19,31.0,22.4,0.0,14.6,65,1011.7,14.37,26.8,442.25,17.66,11.6,81.67,60.96
2025-03-20,32.0,22.7,0.0,18.9,70,1013.2,15.92,28.85,445.0,17.7,13.73,85.79,67.54
2025-03-21,33.4,22.0,0.0,17.8,64,1014.4,18.32,34.79,540.0,18.61,13.95,91.33,71.58
2025-03-22,31.7,23.0,0.0,15.1,64,1012.5,20.88,42.43,501.29,19.82,12.96,90.21,71.08
2025-03-23,34.0,23.3,0.0,15.0,53,1012.4,13.85,18.6,468.54,22.55,13.87,84.79,70.0
2025-03-24,33.7,23.1,0.0,15.9,46,1012.2,9.92,12.15,394.71,19.77,12.06,84.46,58.92
2025-03-25,29.7,22.3,0.0,16.1,72,1009.2,13.98,19.57,329.46,17.26,12.97,82.38,56.04
2025-03-26,29.5,23.8,0.0,17.2,70,1006.6,15.88,28.18,349.83,14.95,11.6,105.04,74.21
2025-03-27,33.9,22.8,0.0,16.7,42,1009.1,27.17,82.36,414.96,14.68,11.1,110.92,76.12
2025-03-28,32.1,20.9,0.0,15.1,24,1011.4,27.45,93.36,549.29,22.61,16.41,108.96,97.88
2025-03-29,33.4,22.4,0.0,13.7,22,1010.7,28.59,55.92,776.42,34.62,15.8,88.79,98.88
2025-03-30,33.8,21.2,0.0,15.4,40,1010.5,21.58,38.6,530.71,23.03,18.87,117.54,98.33
2025-03-31,32.0,20.5,0.0,13.6,65,1010.0,19.0,38.51,627.33,22.58,15.95,93.54,76.79
2025-04-01,34.6,21.6,0.0,13.7,62,1008.3,25.32,62.51,588.62,27.43,18.48,89.67,82.5
2025-04-02,33.7,21.7,0.0,12.1,60,1007.8,25.82,44.03,689.0,35.0,21.75,80.71,92.38
2025-04-03,32.8,22.8,0.0,14.5,66,1009.2,22.55,37.3,571.5,29.14,16.51,83.12,83.71
2025-04-04,34.0,22.9,0.0,13.9,61,1010.8,18.88,29.09,646.08,26.4,16.27,99.38,88.38
2025-04-05,33.9,24.0,0.0,15.3,61,1010.1,11.25,14.71,402.29,18.06,11.4,90.38,66.88
2025-04-06,36.6,25.8,0.0,19.7,42,1008.1,12.25,28.7,348.62,13.52,8.98,96.0,56.42
2025-04-07,33.3,26.6,0.0,17.9,54,1007.8,13.3,21.35,390.5,14.65,9.61,96.0,59.5
2025-04-08,31.6,25.1,0.0,14.3,71,1009.1,22.75,37.69,450.58,20.56,13.46,82.83,68.83
2025-04-09,31.5,24.6,0.0,15.2,77,1008.7,21.05,41.84,449.96,21.41,13.76,74.96,75.88
2025-04-10,31.7,24.7,0.0,15.4,77,1005.1,17.16,35.22,308.38,15.82,12.12,80.38,67.67
2025-04-11,32.4,25.3,0.0,16.1,77,1002.2,22.39,47.68,347.21,14.53,11.02,82.58,70.38
2025-04-12,35.3,25.5,0.0,14.5,66,1004.7,21.64,48.38,379.54,15.11,10.75,87.83,77.25
2025-04-13,33.0,25.8,0.0,17.9,73,1008.2,15.76,32.27,294.42,10.58,9.81,78.58,65.58
2025-04-14,32.0,25.8,0.0,20.9,76,1007.9,15.95,29.43,287.17,10.45,9.2,76.17,62.46
2025-04-15,32.7,25.9,0.0,18.1,77,1006.6,17.75,37.0,279.71,10.48,9.95,76.96,65.62
2025-04-16,33.2,26.0,0.0,19.1,72,1005.8,18.66,41.79,281.83,9.91,9.35,75.21,67.88
2025-04-17,33.6,26.4,0.0,21.7,67,1004.9,14.72,31.43,276.54,9.82,8.57,73.21,64.42
2025-04-18,32.2,26.3,0.0,18.5,71,1004.7,17.25,37.52,269.92,9.38,9.67,92.92,63.92
2025-04-19,34.7,26.3,0.0,16.7,60,1003.6,52.3,209.78,314.21,9.87,10.98,105.5,84.71
2025-04-20,38.8,25.5,0.0,16.9,40,1005.4,51.39,183.67,454.0,14.8,11.75,99.62,154.29
2025-04-21,38.2,25.2,0.0,18.1,45,1008.3,45.1,135.11,471.92,18.12,15.55,100.92,127.38
2025-04-22,35.7,25.0,0.0,14.0,59,1009.9,34.65,89.42,532.83,19.95,16.17,97.08,117.67
2025-04-23,35.2,24.3,0.0,15.4,66,1007.5,28.83,81.21,440.04,17.13,12.28,88.29,91.79
2025-04-24,33.8,25.6,0.0,18.3,69,1005.1,20.9,44.6,383.58,14.53,11.08,96.0,83.25
2025-04-25,33.1,25.5,0.0,15.4,76,1005.1,22.5,54.17,405.21,14.72,11.48,86.33,74.0
2025-04-26,37.4,27.0,0.0,18.0,56,1004.3,25.85,69.32,369.71,18.1,12.7,96.17,83.0
2025-04-27,35.0,26.6,0.0,17.3,63,1005.4,28.21,71.26,409.04,18.66,11.76,79.54,86.62
2025-04-28,35.7,27.0,0.0,18.4,60,1003.8,22.23,47.9,367.83,15.36,10.28,83.0,81.5
2025-04-29,35.3,29.1,0.0,20.3,52,1003.0,13.51,20.4,322.33,12.87,8.76,90.46,66.54
2025-04-30,35.5,28.3,0.0,20.2,57,1004.6,14.65,24.43,294.75,11.11,8.87,82.08,60.25
2025-05-01,33.6,27.7,0.0,20.5,65,1005.4,15.68,25.24,282.08,10.01,9.07,81.79,61.17
2025-05-02,33.2,27.7,0.0,19.8,71,1005.1,16.5,27.35,271.17,10.4,9.57,77.54,63.46
2025-05-03,34.4,27.2,0.0,18.2,71,1003.4,17.33,31.31,305.08,14.92,11.85,80.96,65.5
2025-05-04,33.5,27.3,0.0,18.0,71,1001.8,18.74,30.88,351.46,14.06,11.1,82.46,66.58
2025-05-05,33.0,26.4,0.0,13.4,69,1001.9,25.97,69.09,525.5,17.51,14.52,84.38,71.96
2025-05-06,32.8,27.2,0.0,13.0,75,1003.6,36.07,93.62,492.62,25.56,21.88,83.17,101.58
2025-05-07,33.5,27.3,0.0,14.9,76,1002.7,21.89,53.84,397.12,15.64,21.22,74.67,89.83
2025-05-08,32.2,27.2,0.0,12.1,76,1003.6,21.32,47.05,313.54,19.0,17.21,53.79,74.38
2025-05-09,32.4,27.3,0.0,13.6,72,1005.8,28.43,70.41,341.0,16.47,18.02,63.17,79.58
2025-05-10,34.0,27.0,0.0,17.2,70,1006.3,29.58,69.45,275.83,13.6,16.88,70.54,87.42
2025-05-11,32.5,27.3,0.0,18.0,76,1005.2,33.91,77.57,259.29,10.46,13.25,77.08,89.58
2025-05-12,32.1,27.4,0.1,18.5,76,1003.7,30.67,75.21,240.25,9.25,12.08,86.67,102.71
2025-05-13,32.7,26.8,0.0,17.3,77,1003.7,19.65,37.44,244.75,9.69,12.2,85.42,75.58
2025-05-14,34.5,27.3,0.0,15.5,76,1003.5,22.5,45.26,294.33,12.63,13.3,83.0,72.46
2025-05-15,33.7,27.6,0.0,16.2,76,1003.4,21.75,44.94,314.83,15.57,13.67,80.67,75.96
2025-05-16,32.8,27.8,0.0,14.9,79,1002.9,19.52,37.32,289.0,14.47,12.35,72.83,72.5
2025-05-17,32.5,28.1,0.0,16.2,75,1002.7,18.41,37.87,250.21,12.54,13.1,66.04,68.71
2025-05-18,32.8,28.1,0.0,15.4,73,1003.1,16.88,33.74,256.08,11.81,14.39,62.08,67.25
2025-05-19,32.7,27.9,0.0,16.7,73,1002.8,18.47,40.05,222.62,11.39,13.0,58.12,64.83
2025-05-20,33.3,28.2,0.0,17.2,71,1002.2,23.05,69.88,208.42,8.48,12.09,62.62,72.33
2025-05-21,32.9,28.1,0.0,16.3,73,1002.0,27.41,105.1,218.96,8.91,13.27,70.21,79.5
2025-05-22,32.5,27.9,0.2,17.3,75,1001.0,22.94,83.23,221.79,10.11,12.89,65.29,82.67
2025-05-23,33.8,27.7,0.0,17.1,74,998.7,18.75,54.18,211.67,10.46,11.43,64.83,72.17
2025-05-24,33.2,28.5,0.0,18.3,73,998.4,21.72,57.25,209.12,8.74,11.54,67.71,69.29
2025-05-25,33.9,28.8,0.0,17.7,75,999.7,27.67,68.56,213.08,8.67,11.59,67.08,79.75
2025-05-26,35.5,28.8,0.0,17.2,74,1000.5,28.4,62.32,222.38,10.03,12.16,67.33,86.75
2025-05-27,34.0,28.6,0.0,19.1,75,998.7,22.86,47.43,211.83,8.29,10.67,66.54,81.38
2025-05-28,34.5,28.5,0.0,17.7,79,997.5,26.78,67.38,275.08,11.33,12.91,75.5,79.21
2025-05-29,36.8,28.2,0.0,21.6,66,995.6,33.96,126.79,386.5,12.83,12.76,94.67,90.04
2025-05-30,38.3,29.8,0.0,24.7,59,994.8,38.18,149.12,256.92,9.08,7.7,97.96,104.58
2025-05-31,36.3,28.6,0.0,21.2,73,997.2,35.0,136.88,234.42,7.06,8.34,87.79,101.67
2025-06-01,37.7,28.7,0.0,19.8,65,997.3,36.33,141.97,289.38,9.58,9.35,83.0,98.42
2025-06-02,33.8,28.6,0.0,18.5,75,996.6,43.34,188.16,253.58,8.98,10.19,82.92,110.67
2025-06-03,32.2,28.0,0.0,18.4,79,998.4,29.61,90.02,245.88,8.17,9.28,82.83,107.0
2025-06-04,32.6,28.0,0.1,18.9,74,1001.1,29.2,84.2,217.62,8.67,11.15,77.0,92.08
2025-06-05,32.7,28.3,0.0,15.4,70,1005.1,24.42,72.9,211.5,8.99,11.85,67.17,81.71
2025-06-06,33.2,28.4,0.0,17.9,68,1007.1,25.39,65.81,197.25,8.58,11.83,68.88,80.46
2025-06-07,32.6,27.9,0.0,20.6,71,1006.5,24.31,67.27,187.38,7.9,10.4,70.29,80.46
2025-06-08,32.5,28.1,0.0,20.1,71,1005.9,21.95,53.3,194.0,7.71,10.5,75.75,75.5
2025-06-09,32.4,28.1,0.0,20.8,70,1005.0,22.55,50.15,191.08,8.1,10.44,71.12,76.42
2025-06-10,33.1,28.4,0.0,21.7,68,1002.9,20.77,48.19,196.46,7.07,9.78,71.29,72.38
2025-06-11,32.9,28.5,0.0,20.9,71,1001.9,21.54,48.08,199.83,7.54,10.5,70.04,73.5
2025-06-12,33.0,28.5,0.0,20.0,77,1000.4,17.56,35.6,197.12,8.1,10.93,67.62,71.58
2025-06-13,35.4,28.2,0.0,19.1,80,998.7,20.16,52.88,242.12,10.7,12.42,71.62,66.08
2025-06-14,32.8,28.4,0.0,15.0,82,996.9,31.06,105.7,308.83,13.82,14.58,77.12,79.71
2025-06-15,33.4,27.8,0.0,13.0,80,995.7,34.05,126.36,339.33,15.81,14.83,70.83,95.79
2025-06-16,38.0,28.9,2.4,15.8,74,995.5,40.55,117.1,339.5,27.65,27.73,74.92,106.46
2025-06-17,36.1,29.1,0.0,16.4,75,996.4,33.02,100.62,289.46,16.29,14.99,70.88,107.04
2025-06-18,33.5,28.3,0.2,22.0,77,997.6,22.0,47.86,214.46,7.27,10.43,73.21,83.54
2025-06-19,32.4,28.8,0.4,26.8,76,996.3,20.36,48.4,197.92,6.08,8.15,65.62,72.96
2025-06-20,31.5,28.7,3.4,23.6,82,997.1,21.16,50.96,224.67,7.51,8.61,63.33,70.96
2025-06-21,31.8,28.7,4.0,22.3,83,998.5,20.05,43.6,226.25,8.36,9.97,61.92,72.79
2025-06-22,32.1,28.7,1.1,19.2,81,997.3,23.13,57.23,245.12,10.46,11.76,64.92,73.29
2025-06-23,32.5,28.5,0.7,18.1,80,995.9,26.6,64.38,241.33,11.01,13.11,66.0,78.5
2025-06-24,32.8,28.3,0.4,17.2,79,994.7,30.31,85.3,260.92,10.98,14.11,68.25,88.25
2025-06-25,32.2,28.4,0.0,13.9,79,995.3,32.25,83.03,367.21,16.3,17.13,66.17,92.71
2025-06-26,34.2,28.6,0.0,12.6,77,996.9,30.06,96.23,409.62,17.1,18.09,56.25,92.83
2025-06-27,35.9,27.0,17.1,12.5,82,996.8,34.28,71.84,502.04,26.82,20.94,69.58,89.58
2025-06-28,29.6,26.7,36.2,16.5,89,996.4,23.02,46.75,436.83,16.85,14.38,79.58,89.12
2025-06-29,30.3,27.2,1.5,17.1,84,995.8,15.12,26.43,332.54,16.44,14.92,67.67,71.33
2025-06-30,31.6,28.3,1.1,22.1,82,996.2,24.41,61.58,257.33,12.25,11.01,57.12,69.46
2025-07-01,32.0,28.2,0.8,18.3,82,997.3,23.42,56.77,246.5,10.93,10.82,53.88,76.67
2025-07-02,31.6,27.9,1.2,16.8,81,997.2,23.07,68.82,250.08,11.52,11.95,53.46,76.08
2025-07-03,32.5,28.1,0.4,13.5,80,997.2,27.69,84.24,322.25,16.37,16.46,48.79,81.17
2025-07-04,33.1,28.7,0.2,15.1,78,997.9,29.06,84.58,286.54,16.55,15.9,50.62,85.79
2025-07-05,33.8,28.7,0.5,16.6,76,997.3,33.28,93.98,242.29,11.2,12.74,68.17,92.96
2025-07-06,32.4,28.7,0.8,17.8,76,996.3,27.99,77.71,228.54,11.66,12.56,69.58,90.0
2025-07-07,33.1,28.6,0.0,13.5,76,996.4,33.83,92.67,313.79,19.41,19.6,60.5,92.12
2025-07-08,33.7,28.6,0.2,17.0,74,997.8,34.8,100.05,312.83,16.55,17.96,70.5,96.04
2025-07-09,32.7,28.3,0.6,14.7,78,998.0,32.6,91.85,265.25,15.47,15.38,58.5,97.92
2025-07-10,32.3,28.4,0.5,13.5,77,998.8,32.38,99.4,270.42,16.2,14.89,53.83,93.33
2025-07-11,32.8,28.3,0.2,16.0,76,1000.2,27.99,76.97,259.04,15.39,15.21,52.5,92.58
2025-07-12,32.1,28.4,0.1,16.1,74,1001.5,25.47,73.87,233.08,12.76,12.85,55.46,82.62
2025-07-13,32.2,28.2,0.6,17.7,75,1001.0,24.62,79.76,223.62,9.77,11.3,60.5,79.17
2025-07-14,32.3,28.0,0.7,18.2,78,999.0,25.21,85.37,220.0,9.04,11.22,64.67,80.12
2025-07-15,32.2,27.8,0.0,15.8,74,998.8,29.29,82.06,234.17,11.59,13.3,59.92,83.92
2025-07-16,32.1,27.7,0.1,16.6,73,999.3,27.86,74.47,242.88,11.62,12.48,56.38,88.0
2025-07-17,31.7,28.1,1.1,16.5,76,1000.4,28.16,76.38,254.88,11.32,13.84,54.92,87.5
2025-07-18,33.2,28.1,0.0,14.7,69,1001.0,26.01,68.88,248.54,10.56,14.49,56.12,83.0
2025-07-19,33.0,28.2,0.5,18.3,73,997.9,25.04,66.15,206.92,8.57,12.65,56.83,80.75
2025-07-20,32.1,28.0,0.0,15.4,76,996.6,25.32,65.23,250.62,10.9,13.91,50.92,80.67
2025-07-21,32.3,27.6,1.8,16.3,76,998.3,28.56,67.71,264.42,13.32,14.47,54.33,82.38
2025-07-22,32.6,28.4,0.4,17.8,75,999.2,27.45,66.3,232.04,10.64,11.88,56.5,87.67
2025-07-23,30.8,28.2,1.8,21.5,78,996.5,23.74,60.16,221.71,8.14,8.92,57.71,81.38
2025-07-24,32.1,27.7,1.8,16.6,77,995.3,25.89,63.45,246.29,9.09,10.71,60.67,78.42
2025-07-25,32.1,27.6,0.6,16.0,77,995.9,24.27,65.19,249.62,10.27,11.83,60.38,81.33
2025-07-26,32.0,27.6,1.0,18.9,76,996.7,26.39,72.4,233.21,9.46,11.4,64.0,80.12
2025-07-27,31.5,27.8,0.6,19.4,75,997.1,26.16,67.95,222.96,9.3,11.33,63.25,84.46
2025-07-28,31.4,27.9,0.2,21.1,75,997.6,22.39,68.55,218.33,7.97,9.74,61.0,78.25
2025-07-29,31.4,27.8,0.3,24.2,76,997.8,20.34,53.97,202.21,7.17,8.36,59.38,73.21
2025-07-30,31.1,27.4,1.5,21.1,79,996.7,24.49,65.79,222.75,8.39,9.84,59.17,74.21
2025-07-31,31.0,26.9,1.2,15.1,80,998.0,26.92,74.75,252.25,11.12,12.06,56.25,82.42
2025-08-01,30.6,26.6,2.1,19.3,80,1000.2,23.21,59.18,244.04,11.01,11.12,52.96,79.79
2025-08-02,29.9,26.5,2.1,19.6,81,1001.0,21.65,62.0,230.83,11.82,10.67,50.67,76.25
2025-08-03,30.2,26.5,1.3,17.8,80,1001.8,20.68,60.43,233.46,9.7,10.93,57.5,72.92
2025-08-04,30.7,26.3,1.5,19.5,79,1003.2,18.12,49.77,218.04,10.08,10.35,55.33,69.04
2025-08-05,30.1,26.3,2.0,20.9,80,1002.6,19.23,47.27,223.38,9.68,9.23,53.04,67.75
2025-08-06,30.1,26.2,1.9,19.6,80,1003.0,20.94,50.06,246.96,9.4,9.97,53.5,70.88
2025-08-07,30.2,26.1,2.2,19.0,80,1003.4,21.57,50.68,251.0,10.83,11.08,52.71,73.58
2025-08-08,30.7,26.2,0.9,19.3,77,1003.8,18.65,42.59,223.04,8.71,9.75,53.67,71.71
2025-08-09,30.6,26.5,1.9,18.6,78,1005.3,17.29,39.27,212.12,8.82,10.09,50.25,65.92
2025-08-10,30.1,26.3,1.7,18.7,79,1004.4,19.41,43.31,214.25,8.88,10.34,50.21,67.29
2025-08-11,29.3,26.2,1.6,21.4,80,1003.7,19.39,46.84,223.33,8.91,9.24,45.71,70.0
2025-08-12,29.5,26.7,1.8,22.0,77,1001.6,18.74,39.62,223.96,8.51,8.94,46.38,68.46
2025-08-13,29.8,26.4,1.2,17.6,81,999.6,21.43,46.59,265.42,11.17,11.81,47.79,71.96
2025-08-14,30.6,26.7,0.1,13.7,82,1000.4,21.78,50.84,396.21,17.96,16.39,41.17,73.83
2025-08-15,32.7,27.2,0.3,13.4,77,1000.7,27.4,69.17,471.88,20.95,20.9,53.25,78.71
2025-08-16,32.9,27.1,0.0,14.6,78,999.4,27.88,64.26,323.17,21.21,21.79,61.46,85.58
2025-08-17,33.1,27.5,0.0,13.1,76,998.8,23.04,46.9,329.42,17.59,18.48,62.25,80.88
2025-08-18,35.4,27.8,7.4,12.7,78,999.7,25.5,40.17,470.46,21.62,19.54,72.0,82.88
2025-08-19,32.2,26.8,22.3,10.6,86,999.9,28.01,45.57,416.62,26.82,18.35,64.29,82.08
2025-08-20,33.0,26.3,26.8,12.2,87,998.4,29.11,35.73,1137.58,23.25,13.68,86.92,91.12
2025-08-21,31.6,26.3,40.2,11.3,90,1000.5,25.75,31.4,1403.33,33.17,19.0,54.12,88.62
2025-08-22,29.8,26.7,1.4,16.8,88,1000.7,24.77,32.25,359.25,26.22,17.61,67.46,82.54
2025-08-23,29.9,26.9,1.6,21.1,85,999.4,25.26,50.77,254.25,10.4,9.51,57.96,76.54
2025-08-24,30.1,26.9,2.1,22.6,87,1000.1,22.13,55.66,250.46,10.83,9.71,52.38,77.42
2025-08-25,29.9,26.5,0.7,15.4,87,1000.9,22.37,65.05,297.46,13.98,12.88,47.71,74.33
2025-08-26,30.0,26.3,0.1,13.2,85,1001.9,26.6,85.5,334.29,16.22,13.7,44.88,78.62
2025-08-27,30.3,26.2,0.1,13.0,85,1002.1,27.65,73.58,306.42,15.63,13.43,48.88,85.54
2025-08-28,30.9,26.0,0.1,14.7,84,1001.7,29.28,73.41,291.58,13.83,13.4,54.0,84.88
2025-08-29,29.8,25.9,0.1,15.0,85,1001.2,33.4,90.25,324.38,14.94,13.86,55.58,91.79
2025-08-30,30.9,26.1,0.0,13.6,83,1002.9,39.38,100.83,324.88,18.29,16.02,54.42,104.12
2025-08-31,30.8,26.4,0.0,18.3,80,1002.4,28.8,78.93,252.04,13.92,13.07,53.04,100.62
2025-09-01,30.7,26.4,0.8,19.5,78,999.9,22.87,54.77,222.04,10.73,9.93,54.71,79.5
2025-09-02,30.4,26.1,0.5,15.5,77,1000.5,25.94,54.75,253.79,12.41,11.56,55.08,78.5
2025-09-03,31.5,25.9,0.0,15.2,73,1002.5,31.43,65.41,271.25,17.04,14.16,51.71,87.83
2025-09-04,31.4,25.6,0.0,14.8,77,1003.7,26.9,63.97,254.71,15.2,14.52,54.79,89.04
2025-09-05,32.9,25.8,0.0,16.9,78,1003.6,25.99,54.36,254.17,12.86,13.12,61.21,80.92
2025-09-06,32.3,26.3,0.0,17.9,79,1003.2,27.07,54.93,229.33,13.07,11.93,56.33,84.25
2025-09-07,31.9,26.4,0.0,19.6,78,1001.9,23.17,44.36,231.83,12.15,11.5,55.25,79.58
2025-09-08,29.2,26.1,6.6,18.9,85,1001.0,25.78,50.06,315.79,18.34,13.17,46.46,80.21
2025-09-09,27.9,25.5,64.4,21.0,92,1002.6,21.21,35.51,313.83,25.48,13.0,38.46,80.54
2025-09-10,28.2,25.4,23.1,19.0,88,1005.6,18.32,35.38,381.79,21.6,11.86,34.88,65.17
2025-09-11,27.7,25.4,3.8,13.4,88,1006.0,17.2,32.97,398.5,19.62,13.13,35.58,71.0
2025-09-12,28.8,25.5,1.5,14.4,84,1006.8,14.37,26.41,330.42,16.41,12.27,36.17,60.58
2025-09-13,29.3,25.8,0.0,13.9,81,1007.4,13.7,23.47,310.21,16.32,12.85,37.79,60.17
2025-09-14,29.6,26.0,0.3,17.1,81,1007.1,12.5,21.54,248.25,12.08,10.93,41.88,57.29
2025-09-15,28.8,26.2,0.5,21.8,82,1005.3,13.61,25.16,236.67,9.78,9.01,41.33,57.29
2025-09-16,29.1,26.5,0.9,19.0,83,1003.8,16.93,36.78,264.5,11.98,9.68,39.58,60.67
2025-09-17,29.7,26.2,0.6,13.6,84,1004.7,22.88,60.03,353.21,16.94,13.99,40.79,70.54
2025-09-18,29.8,25.7,0.4,13.6,86,1005.0,27.03,77.6,344.58,19.72,14.39,44.42,79.58
2025-09-19,29.3,25.6,0.3,14.8,83,1006.2,28.47,91.0,316.5,19.39,13.78,40.75,86.71
2025-09-20,29.6,25.5,0.6,15.4,81,1006.5,26.5,77.69,301.79,20.0,13.17,36.5,85.42
2025-09-21,30.2,25.3,0.0,16.6,76,1006.2,24.22,70.12,262.25,17.14,12.56,39.92,81.58
2025-09-22,30.1,25.6,0.2,16.5,75,1006.6,20.03,48.96,239.96,12.82,11.24,47.5,75.08
2025-09-23,29.3,26.2,0.8,19.7,78,1006.3,18.2,38.54,231.54,12.25,10.86,47.58,67.08
2025-09-24,28.9,26.1,2.0,17.7,80,1004.3,21.94,50.92,271.08,14.51,11.3,42.62,71.46
2025-09-25,29.8,25.5,0.5,13.5,82,1004.3,25.35,56.82,339.92,18.24,14.26,42.67,76.71
2025-09-26,31.9,25.0,0.0,13.3,77,1006.2,29.85,58.49,404.62,23.87,17.53,48.17,87.29
2025-09-27,33.9,24.8,0.0,13.2,78,1007.6,22.29,35.62,323.83,22.17,17.24,53.92,81.79
2025-09-28,33.9,25.6,0.0,15.7,81,1005.2,24.85,43.01,271.33,17.69,14.64,59.96,74.5
2025-09-29,40.2,25.9,0.0,16.5,58,1000.7,31.88,47.02,556.29,25.82,14.38,77.71,90.04
2025-09-30,35.6,28.3,5.2,12.2,70,999.5,30.16,42.39,855.75,33.39,14.6,66.0,97.58
2025-10-01,33.5,26.7,0.3,13.7,70,1000.3,16.53,17.52,617.71,13.69,9.11,77.92,77.54
2025-10-02,34.1,27.2,0.3,16.1,66,1003.1,11.97,15.15,573.46,11.67,8.16,67.71,58.62
2025-10-03,31.5,26.8,2.2,18.7,74,1006.5,9.3,12.74,503.04,10.91,7.89,58.96,51.83
2025-10-04,31.4,25.5,6.7,15.1,81,1007.8,13.58,19.79,505.67,16.22,10.88,45.25,54.42
2025-10-05,31.4,26.5,2.0,18.1,78,1006.9,14.51,21.07,322.54,12.88,11.0,57.83,60.25
2025-10-06,31.8,27.2,0.0,21.9,68,1006.9,33.58,119.35,276.5,9.35,8.85,78.62,72.58
2025-10-07,32.6,26.3,0.1,17.8,62,1008.7,36.73,148.92,528.42,17.28,14.0,67.42,98.92
2025-10-08,32.1,23.8,0.2,13.4,68,1010.7,41.6,119.36,613.42,33.19,22.32,56.62,115.92
2025-10-09,32.4,23.7,0.0,13.5,66,1012.4,40.53,100.6,629.62,30.01,21.1,61.46,115.5
2025-10-10,31.7,24.1,0.2,12.5,65,1011.4,38.86,81.7,582.5,27.38,19.22,68.38,108.62
2025-10-11,31.5,23.7,0.5,10.9,65,1011.5,41.45,74.15,727.33,27.46,19.73,74.17,112.21
2025-10-12,33.1,23.6,0.0,11.0,58,1011.6,38.38,60.27,582.92,24.3,18.88,86.0,113.79
2025-10-13,32.5,23.2,0.0,13.0,62,1011.8,38.28,52.0,603.58,22.25,16.25,88.96,109.08
2025-10-14,33.5,23.5,0.0,13.6,62,1010.3,35.16,43.96,526.79,22.58,16.26,90.62,108.46
2025-10-15,34.3,23.6,0.0,15.7,54,1009.4,29.35,33.62,524.12,21.59,16.02,99.33,99.71
2025-10-16,34.8,24.2,0.0,13.1,42,1009.8,29.2,32.49,637.5,25.17,18.54,101.62,98.54
2025-10-17,35.2,23.9,0.0,14.1,39,1011.1,32.48,38.98,693.54,31.0,20.0,99.46,103.92
2025-10-18,35.2,23.3,0.0,14.8,55,1010.5,32.41,38.51,739.12,31.22,21.34,101.04,104.5
2025-10-19,35.3,24.1,0.0,13.5,51,1009.1,27.48,35.05,621.58,26.75,19.0,92.88,97.62
2025-10-20,36.1,24.4,0.0,14.8,43,1008.7,24.11,30.43,595.75,28.6,18.01,89.67,88.38
2025-10-21,36.0,23.8,0.0,11.2,39,1010.5,33.78,40.35,886.67,37.33,19.93,77.96,87.5
2025-10-22,36.5,26.1,0.0,13.1,29,1011.8,36.17,43.61,702.25,32.32,16.12,91.83,108.33
2025-10-23,36.1,24.4,0.0,12.7,33,1010.6,38.77,49.9,902.75,43.9,18.19,82.25,106.38
2025-10-24,36.1,24.2,0.0,11.4,32,1009.8,36.7,41.85,1223.25,52.96,21.52,75.67,111.38
2025-10-25,36.3,24.8,0.0,11.0,27,1008.5,27.22,31.0,1102.42,36.4,14.69,84.54,100.96
2025-10-26,35.7,24.8,0.0,17.3,24,1008.3,22.81,25.68,571.29,19.07,11.35,100.79,84.17
2025-10-27,35.2,26.3,0.0,21.7,24,1008.2,24.96,28.95,506.54,13.75,10.78,105.17,80.88
2025-10-28,33.6,25.5,0.0,22.8,33,1009.0,34.65,41.33,500.46,11.39,13.06,115.04,92.83
2025-10-29,32.9,24.9,0.0,22.5,36,1008.9,35.02,39.1,469.79,12.06,11.47,100.21,108.21
2025-10-30,33.4,25.1,0.0,20.3,36,1008.5,31.92,36.17,464.75,15.21,11.09,91.92,90.92
2025-10-31,33.9,25.3,0.0,12.5,35,1009.5,55.73,68.83,929.04,28.83,19.46,89.0,107.42
2025-11-01,33.0,23.3,0.0,10.6,39,1009.9,72.42,82.18,1176.83,50.03,24.84,68.67,160.83
2025-11-02,33.9,22.5,0.0,11.5,51,1010.3,54.9,61.38,963.5,43.22,26.95,70.54,157.58
2025-11-03,30.4,21.5,0.0,13.8,78,1009.2,33.17,56.49,710.79,23.44,14.12,60.38,115.67
2025-11-04,34.9,21.6,0.0,16.5,45,1008.7,28.04,45.04,452.88,22.22,12.62,69.42,89.38
2025-11-05,34.2,21.7,0.0,16.0,24,1010.5,31.83,44.78,984.67,35.86,13.62,65.5,84.12
2025-11-06,31.6,20.3,0.0,12.1,39,1012.5,52.15,67.57,1097.29,48.85,26.75,73.12,124.83
2025-11-07,31.7,19.1,0.0,12.1,51,1014.2,43.67,61.51,796.46,34.07,19.54,74.08,132.79
2025-11-08,28.6,18.4,0.0,12.8,67,1015.1,42.45,55.75,936.08,30.43,17.96,73.25,114.42
2025-11-09,27.8,19.3,0.0,10.3,69,1013.7,43.54,70.75,1460.04,38.69,22.98,51.33,124.54
2025-11-10,27.5,18.7,0.0,12.0,66,1012.7,35.01,48.02,1276.0,41.15,23.08,53.38,106.88
2025-11-11,27.4,19.3,0.0,10.9,69,1014.0,41.23,48.5,1232.25,47.51,30.45,55.96,110.38
2025-11-12,28.6,19.3,0.0,12.4,70,1015.6,31.22,37.9,819.25,39.43,25.24,65.46,102.04
2025-11-13,29.1,19.3,0.0,11.2,67,1016.5,27.47,38.18,778.92,29.78,25.4,79.12,91.21
2025-11-14,29.8,18.9,0.0,13.6,60,1015.8,27.65,34.76,808.12,33.6,23.96,68.92,88.75
2025-11-15,30.0,19.0,0.0,13.7,48,1016.4,29.57,34.16,875.08,40.05,25.22,64.83,87.79
2025-11-16,30.6,19.1,0.0,9.4,38,1018.3,30.93,31.5,1228.58,46.45,24.38,71.12,91.96
2025-11-17,29.3,18.1,0.0,10.0,40,1017.6,34.17,34.7,1008.71,48.02,33.01,79.75,104.58
2025-11-18,29.2,17.6,0.0,12.9,58,1015.7,41.91,44.12,781.0,42.6,32.35,78.58,112.33
2025-11-19,28.1,18.3,0.0,9.8,63,1014.9,41.47,44.09,810.96,40.73,30.62,73.75,117.92
2025-11-20,28.5,17.8,0.0,10.3,67,1015.8,35.57,36.73,801.42,31.76,30.13,84.17,111.17
2025-11-21,29.4,18.6,0.0,9.3,55,1016.8,40.09,40.99,956.54,41.77,33.31,72.08,105.79
2025-11-22,28.7,19.0,0.0,11.4,51,1016.0,55.26,59.16,1009.54,43.88,30.61,80.21,130.04
2025-11-23,27.8,18.3,0.0,9.7,53,1015.3,65.78,72.98,1134.46,48.75,33.47,68.58,155.08
2025-11-24,28.6,17.8,0.0,10.3,44,1016.1,48.92,51.74,1151.08,48.6,25.59,60.67,149.33
2025-11-25,28.6,17.2,0.0,12.2,32,1016.4,38.79,40.38,720.46,25.95,19.06,90.62,121.17
2025-11-26,28.3,19.1,0.0,11.6,31,1015.4,38.55,39.61,862.38,26.62,18.62,92.25,111.83
2025-11-27,28.0,18.3,0.0,15.9,28,1016.9,33.68,34.63,617.71,16.07,16.18,103.5,98.75
2025-11-28,27.5,18.0,0.0,13.4,29,1016.9,37.54,38.53,704.5,16.44,20.42,111.29,98.42
2025-11-29,27.6,17.4,0.0,12.0,32,1015.6,40.78,41.71,797.29,19.54,23.71,112.62,113.17
2025-11-30,28.1,16.0,0.0,11.2,36,1014.7,35.73,36.27,915.29,32.07,28.13,92.38,107.17
2025-12-01,27.2,16.0,0.0,10.6,48,1013.8,30.06,34.98,1097.62,42.71,23.47,54.92,97.25
2025-12-02,26.1,15.2,0.0,8.6,43,1014.0,40.03,49.65,1257.21,49.77,35.85,62.79,92.42
2025-12-03,27.5,15.9,0.0,12.3,27,1016.6,25.77,27.22,664.0,24.37,15.79,85.67,102.83
2025-12-04,27.9,17.5,0.0,11.9,27,1017.8,25.93,26.68,752.25,19.91,17.47,90.04,81.83
2025-12-05,28.3,15.2,0.0,9.8,33,1018.3,22.05,22.23,1134.67,27.53,18.36,78.38,77.75
2025-12-06,28.1,17.9,0.0,11.9,28,1018.3,25.0,25.2,720.29,21.17,14.9,80.75,74.54
2025-12-07,28.6,17.1,0.0,9.8,28,1017.9,45.61,45.93,928.08,33.7,22.01,70.75,105.17
2025-12-08,29.8,16.4,0.0,10.1,29,1018.3,29.93,30.24,931.71,31.89,16.76,71.25,110.75
2025-12-09,29.6,17.1,0.0,10.4,32,1017.7,27.79,29.22,1244.17,34.02,23.86,74.75,83.33
2025-12-10,28.3,14.3,0.0,9.8,43,1017.5,29.77,30.11,1229.42,49.18,32.23,56.33,90.29
2025-12-11,26.2,15.0,0.0,10.2,75,1016.3,25.58,28.98,1121.5,42.1,26.47,62.38,84.33
2025-12-12,25.4,15.2,0.0,11.1,80,1015.0,26.55,29.63,842.62,39.92,21.72,54.67,84.29
2025-12-13,26.6,16.6,0.0,10.1,73,1014.5,23.23,25.38,936.62,34.68,21.36,60.96,78.62
2025-12-14,26.6,16.2,0.0,9.9,63,1016.0,37.12,40.6,1077.88,47.24,31.77,56.29,82.67
2025-12-15,27.5,16.5,0.0,11.1,45,1016.9,57.43,61.25,924.29,28.72,20.38,85.96,139.17
2025-12-16,28.1,17.5,0.0,14.1,43,1015.9,50.3,52.82,957.17,13.92,20.05,107.38,140.67
2025-12-17,28.0,17.1,0.0,12.8,40,1016.6,50.11,52.27,1051.67,23.38,25.28,99.04,141.71
2025-12-18,27.6,16.2,0.0,9.7,45,1017.2,43.39,45.95,1180.12,40.09,32.29,82.92,114.25
2025-12-19,28.6,17.7,0.0,7.7,43,1015.2,49.46,51.73,1752.42,47.07,30.17,81.29,131.17
2025-12-20,27.6,19.0,0.0,8.5,48,1013.0,59.3,61.27,1492.62,54.96,34.95,72.75,150.54
2025-12-21,26.7,18.9,0.0,10.8,72,1014.0,33.99,44.04,952.71,32.95,19.48,58.71,132.88
2025-12-22,26.8,17.9,0.0,9.7,50,1015.4,35.3,46.13,787.5,35.92,20.67,64.79,81.58
2025-12-23,26.9,17.7,0.0,11.7,48,1016.3,53.18,57.99,800.96,22.47,22.96,91.38,142.29
2025-12-24,26.4,16.4,0.0,10.5,47,1015.9,38.01,44.76,861.88,34.44,21.7,72.08,108.83
2025-12-25,24.2,14.8,0.0,8.9,57,1015.1,44.02,47.16,972.83,46.88,36.74,61.92,121.04
2025-12-26,24.6,14.9,0.0,8.7,67,1014.9,39.87,42.45,964.46,38.34,32.72,63.71,113.12
2025-12-27,25.6,15.1,0.0,10.5,49,1015.3,49.38,51.54,954.75,55.16,32.5,69.42,122.38
2025-12-28,25.7,15.6,0.0,8.6,42,1015.4,41.17,41.77,974.79,49.14,33.56,70.46,121.67
2025-12-29,25.5,15.1,0.0,8.5,48,1014.9,46.64,47.6,1040.88,37.5,33.36,83.46,128.46
2025-12-30,24.4,16.2,0.3,12.1,68,1012.8,46.46,48.9,1119.88,27.98,20.53,75.75,127.0
2025-12-31,24.2,18.5,1.1,19.7,64,1009.8,20.2,31.64,627.92,26.5,15.2,65.17,96.75
